step,reward_score,response_length_tokens,clip_ratio
1,0.859375,4044.4805,0.136719
2,0.773438,4698.8906,0.199219
3,0.875,3809.1367,0.074219
4,0.671875,4671.3281,0.285156
5,0.71875,4323.9883,0.257812
6,0.722656,4753.7734,0.242188
7,0.667969,5030.0156,0.320312
8,0.625,4679.8242,0.292969
9,0.648438,4377.1484,0.21875
10,0.789062,3986.0352,0.160156
11,0.8125,3905.875,0.136719
12,0.820312,3997.1719,0.148438
13,0.652344,4480.2812,0.261719
14,0.734375,4293.6914,0.210938
15,0.78125,3738.1953,0.121094
16,0.726562,4605.1016,0.199219
17,0.78125,3923.3867,0.179688
18,0.746094,4854.3984,0.230469
19,0.597656,4659.0273,0.253906
20,0.609375,5017.8828,0.332031
21,0.847656,3992.3516,0.132812
22,0.734375,4035.1758,0.160156
23,0.851562,4022.832,0.136719
24,0.863281,3897.7891,0.117188
25,0.71875,3759.1875,0.109375
26,0.800781,4282.1953,0.152344
27,0.691406,4544.4766,0.199219
28,0.761719,3754.0273,0.207031
29,0.695312,3976.9023,0.167969
30,0.753906,4259.3125,0.1875
31,0.746094,4501.0625,0.207031
32,0.617188,4746.9531,0.300781
33,0.617188,5335.8438,0.339844
34,0.742188,3872.832,0.175781
35,0.671875,4773.207,0.316406
36,0.691406,5099.0352,0.308594
37,0.773438,3781.8516,0.109375
38,0.773438,4311.0742,0.199219
39,0.714844,4651.7109,0.191406
40,0.820312,4226.3906,0.148438
41,0.832031,3853.5625,0.132812
42,0.722656,4275.1953,0.175781
43,0.863281,4075.8047,0.109375
44,0.628906,4486.9375,0.230469
45,0.773438,3997.1875,0.15625
46,0.644531,4502.7031,0.261719
47,0.617188,5043.6758,0.300781
48,0.695312,4463.7461,0.238281
49,0.75,4135.3711,0.136719
50,0.726562,4562.418,0.210938
51,0.722656,4731.2031,0.238281
52,0.664062,4749.1289,0.207031
53,0.636719,5346.7656,0.320312
54,0.824219,3986.8477,0.136719
55,0.765625,3693.7109,0.144531
56,0.761719,4487.0312,0.238281
57,0.832031,3865.3398,0.167969
58,0.6875,4451.5586,0.207031
59,0.792969,3572.2617,0.082031
60,0.851562,3467.7148,0.082031
61,0.726562,4484.3945,0.203125
62,0.746094,4272.1875,0.261719
63,0.878906,3392.375,0.078125
64,0.734375,4380.3359,0.191406
65,0.777344,3604.2031,0.152344
66,0.789062,4432.043,0.214844
67,0.691406,4509.2461,0.210938
68,0.796875,3852.457,0.171875
69,0.824219,3751.5703,0.125
70,0.847656,3515.7734,0.089844
71,0.945312,3390.6016,0.046875
72,0.769531,4006.2812,0.152344
73,0.730469,4352.4062,0.191406
74,0.789062,3524.9531,0.152344
75,0.792969,3972.9922,0.160156
76,0.796875,4026.3906,0.195312
77,0.679688,3922.6641,0.199219
78,0.769531,3750.3086,0.132812
79,0.800781,3825.4336,0.121094
80,0.796875,4407.3359,0.171875
81,0.675781,4777.9844,0.308594
82,0.644531,4225.7344,0.175781
83,0.765625,3829.5156,0.175781
84,0.679688,4892.832,0.246094
85,0.777344,4338.4062,0.15625
86,0.804688,4113.7383,0.160156
87,0.789062,4180.1094,0.15625
88,0.75,3913.4727,0.21875
89,0.726562,3882.5273,0.125
90,0.648438,4179.4688,0.238281
91,0.742188,4546.75,0.246094
92,0.683594,4796.7109,0.265625
93,0.761719,3940.0547,0.132812
94,0.691406,4223.4141,0.230469
95,0.804688,3845.4141,0.082031
96,0.726562,4137.3086,0.222656
97,0.714844,3859.8906,0.167969
98,0.859375,3756.668,0.097656
99,0.835938,3680.4883,0.105469
100,0.777344,4449.2383,0.164062
101,0.691406,4408.4883,0.246094
102,0.855469,3365.8594,0.082031
103,0.828125,3631.9766,0.140625
104,0.757812,4250.1562,0.179688
105,0.671875,3723.8125,0.167969
106,0.808594,3673.3047,0.105469
107,0.757812,3714.0703,0.140625
108,0.773438,3894.0156,0.164062
109,0.804688,3297.0352,0.089844
110,0.667969,4840.9023,0.234375
111,0.671875,3789.8438,0.136719
112,0.84375,3343.1953,0.117188
113,0.808594,3709.7188,0.128906
114,0.703125,3744.0312,0.1875
115,0.824219,3512.6133,0.117188
116,0.761719,3507.2383,0.113281
117,0.824219,3280.1602,0.105469
118,0.738281,3993.9727,0.207031
119,0.671875,4213.0078,0.242188
120,0.695312,4042.0508,0.179688
121,0.664062,4232.9805,0.242188
122,0.777344,3806.7773,0.1875
123,0.824219,3481.0234,0.136719
124,0.84375,3134.5898,0.070312
125,0.664062,3856.2344,0.152344
126,0.761719,3684.8203,0.140625
127,0.839844,3833.4141,0.105469
128,0.773438,3477.25,0.183594
129,0.730469,3818.9688,0.136719
130,0.765625,4100.1406,0.199219
131,0.742188,3719.7344,0.171875
132,0.734375,4066.7773,0.214844
133,0.839844,3950.6055,0.15625
134,0.785156,4018.6133,0.203125
135,0.820312,3161.9297,0.023438
136,0.613281,3837.7812,0.191406
137,0.828125,3764.0273,0.117188
138,0.867188,3816.3281,0.097656
139,0.765625,3881.8438,0.175781
140,0.628906,4484.8164,0.265625
141,0.84375,3696.2266,0.09375
142,0.800781,3671.0117,0.175781
143,0.804688,3525.7344,0.152344
144,0.742188,3957.5781,0.199219
145,0.792969,4117.7578,0.15625
146,0.792969,3376.0234,0.101562
147,0.832031,3518.2266,0.09375
148,0.792969,3435.2539,0.136719
149,0.699219,4271.25,0.257812
150,0.773438,3908.6562,0.164062
151,0.90625,3072.3086,0.0625
152,0.84375,3025.043,0.074219
153,0.785156,3734.7109,0.179688
154,0.734375,4185.0195,0.144531
155,0.871094,3092.5547,0.101562
156,0.777344,3559.3359,0.136719
157,0.808594,3580.6719,0.117188
158,0.828125,3303.6992,0.113281
159,0.878906,2807.8242,0.074219
160,0.726562,4293.0586,0.214844
161,0.75,3753.8086,0.15625
162,0.730469,3989.1523,0.183594
163,0.753906,3717.1875,0.148438
164,0.703125,3992.5898,0.226562
165,0.746094,3783.7148,0.148438
166,0.753906,3387.3711,0.140625
167,0.808594,3909.3516,0.125
168,0.828125,3492.8164,0.117188
169,0.675781,4405.957,0.238281
170,0.734375,3789.457,0.117188
171,0.800781,3771.0391,0.105469
172,0.664062,3673.7891,0.171875
173,0.796875,3447.0273,0.144531
174,0.84375,3386.5742,0.09375
175,0.855469,2770.0195,0.039062
176,0.886719,3248.7422,0.074219
177,0.828125,4098.3477,0.121094
178,0.773438,3555.8672,0.140625
179,0.882812,3121.1953,0.089844
180,0.792969,3056.793,0.066406
181,0.722656,4091.6211,0.222656
182,0.742188,4027.082,0.195312
183,0.796875,3361.2695,0.125
184,0.71875,3925.082,0.191406
185,0.660156,3996.0703,0.160156
186,0.820312,3262.5664,0.144531
187,0.804688,4118.7266,0.140625
188,0.730469,3435.1211,0.089844
189,0.746094,3870.2031,0.203125
190,0.625,4459.2539,0.203125
191,0.71875,4197.543,0.1875
192,0.777344,3691.9727,0.136719
193,0.832031,3213.1484,0.085938
194,0.851562,3135.0,0.078125
195,0.730469,3957.2617,0.21875
196,0.730469,3205.5352,0.136719
197,0.792969,3532.1602,0.160156
198,0.867188,2982.5781,0.078125
199,0.691406,3749.1523,0.1875
200,0.890625,2507.8359,0.007812
201,0.625,3523.0547,0.183594
202,0.792969,3443.1953,0.15625
203,0.855469,2926.6758,0.125
204,0.820312,3503.2617,0.121094
205,0.738281,3602.3477,0.175781
206,0.769531,3888.5859,0.15625
207,0.722656,4209.8711,0.199219
208,0.917969,2642.0742,0.0625
209,0.761719,3200.1836,0.113281
210,0.761719,3899.7266,0.160156
211,0.625,3849.1172,0.222656
212,0.691406,4121.6758,0.1875
213,0.792969,3425.6953,0.15625
214,0.6875,3835.5898,0.226562
215,0.542969,4241.7617,0.253906
216,0.769531,3976.5469,0.183594
217,0.835938,3187.6797,0.132812
218,0.765625,3536.0859,0.136719
219,0.726562,4009.2227,0.152344
220,0.824219,3146.4961,0.070312
221,0.714844,3569.6133,0.125
222,0.765625,4244.5312,0.179688
223,0.785156,3075.6289,0.09375
224,0.753906,3368.5117,0.132812
225,0.832031,3253.4062,0.125
226,0.734375,4037.2891,0.160156
227,0.730469,3372.4531,0.085938
228,0.71875,3350.1172,0.109375
229,0.839844,2997.4141,0.109375
230,0.773438,3349.8828,0.113281
231,0.804688,3549.5547,0.132812
232,0.898438,2907.8711,0.058594
233,0.800781,3541.9609,0.167969
234,0.800781,3593.8594,0.164062
235,0.703125,4091.9766,0.125
236,0.808594,3056.4141,0.078125
237,0.800781,3576.2539,0.0625
238,0.890625,3229.6289,0.09375
239,0.792969,3031.6445,0.085938
240,0.898438,2920.1289,0.074219
241,0.734375,3596.1172,0.136719
242,0.734375,3683.9453,0.183594
243,0.914062,2713.6602,0.070312
244,0.691406,3099.2812,0.136719
245,0.878906,2729.5664,0.058594
246,0.804688,3400.7656,0.164062
247,0.75,3698.1172,0.210938
248,0.726562,3748.0508,0.152344
249,0.824219,3056.418,0.066406
250,0.765625,3906.3359,0.152344
251,0.757812,3401.9805,0.128906
252,0.820312,2766.6914,0.074219
253,0.839844,3331.4297,0.074219
254,0.777344,4134.9297,0.199219
255,0.75,3683.5117,0.105469
256,0.808594,3602.1914,0.121094
257,0.898438,2917.4102,0.0625
258,0.914062,2788.8398,0.035156
259,0.808594,3232.1523,0.117188
260,0.75,3112.6641,0.136719
261,0.855469,3347.7305,0.140625
262,0.765625,3378.3398,0.078125
263,0.699219,3299.4922,0.171875
264,0.890625,2765.5469,0.050781
265,0.753906,3633.2227,0.195312
266,0.652344,3474.4961,0.15625
267,0.839844,3255.2812,0.148438
268,0.71875,3603.7695,0.148438
269,0.808594,2973.9727,0.050781
270,0.890625,3311.3359,0.070312
271,0.855469,2781.5391,0.058594
272,0.785156,2801.1758,0.019531
273,0.835938,3349.2578,0.117188
274,0.796875,2767.4492,0.050781
275,0.863281,3317.4258,0.105469
276,0.800781,3082.9648,0.121094
277,0.660156,4297.9766,0.230469
278,0.792969,2910.5391,0.066406
279,0.679688,3881.5156,0.203125
280,0.792969,3179.4414,0.136719
281,0.78125,3775.2734,0.152344
282,0.824219,3306.25,0.152344
283,0.75,3418.418,0.175781
284,0.820312,3161.082,0.074219
285,0.738281,3372.5625,0.125
286,0.6875,3791.5938,0.191406
287,0.835938,3190.2148,0.132812
288,0.785156,3435.7305,0.121094
289,0.796875,2865.6953,0.082031
290,0.765625,3334.6641,0.117188
291,0.765625,3101.1094,0.167969
292,0.8125,2838.4922,0.058594
293,0.804688,3099.0664,0.066406
294,0.816406,3097.7188,0.105469
295,0.808594,3263.7812,0.082031
296,0.847656,2750.6289,0.042969
297,0.835938,2829.7148,0.0625
298,0.785156,3795.1719,0.105469
299,0.71875,3512.5117,0.144531
300,0.8125,3674.7383,0.121094
301,0.703125,3858.832,0.164062
302,0.789062,2750.7891,0.085938
303,0.644531,3719.9609,0.132812
304,0.828125,2498.5742,0.082031
305,0.867188,3098.2539,0.121094
306,0.847656,2842.9922,0.097656
307,0.714844,3733.7422,0.179688
308,0.824219,3361.043,0.09375
309,0.675781,3702.4062,0.199219
310,0.804688,2965.4375,0.167969
311,0.800781,2952.8984,0.121094
312,0.699219,3856.7383,0.191406
313,0.742188,3427.3555,0.164062
314,0.726562,3515.8945,0.15625
315,0.789062,3239.0859,0.128906
316,0.742188,3566.8633,0.136719
317,0.707031,3951.9805,0.242188
318,0.753906,3174.4375,0.109375
319,0.804688,3475.293,0.132812
320,0.699219,3830.5664,0.199219
321,0.8125,3343.0977,0.171875
322,0.796875,3407.8164,0.128906
323,0.769531,3988.9531,0.207031
324,0.789062,3707.5273,0.164062
325,0.679688,4122.2695,0.167969
326,0.796875,3395.5469,0.113281
327,0.757812,3117.375,0.121094
328,0.878906,2614.4297,0.066406
329,0.78125,3054.3359,0.078125
330,0.835938,2884.8477,0.085938
331,0.796875,3464.5781,0.132812
332,0.738281,2818.3047,0.085938
333,0.816406,3200.0586,0.074219
334,0.828125,2989.1016,0.070312
335,0.765625,3796.1172,0.191406
336,0.707031,3505.6641,0.160156
337,0.683594,3914.5977,0.207031
338,0.773438,3761.0312,0.125
339,0.765625,3945.1562,0.183594
340,0.71875,3490.2148,0.132812
341,0.875,3446.7148,0.109375
342,0.820312,3320.5,0.152344
343,0.820312,2962.1445,0.136719
344,0.671875,4023.3359,0.238281
345,0.890625,2967.3711,0.097656
346,0.699219,3825.7227,0.222656
347,0.785156,2937.1797,0.074219
348,0.792969,2848.1523,0.09375
349,0.863281,3230.0703,0.09375
350,0.820312,3155.0586,0.074219
351,0.816406,3196.4336,0.113281
352,0.789062,2844.2891,0.109375
353,0.800781,3253.4688,0.144531
354,0.789062,2936.0469,0.113281
355,0.808594,3683.3594,0.101562
356,0.875,2884.5547,0.046875
357,0.808594,3518.5352,0.15625
358,0.796875,2963.5352,0.042969
359,0.742188,3860.6562,0.136719
360,0.800781,3301.7344,0.128906
361,0.863281,2916.4766,0.050781
362,0.875,2735.7812,0.097656
363,0.832031,3718.7617,0.140625
364,0.796875,3183.1094,0.128906
365,0.78125,3526.1641,0.117188
366,0.730469,3401.4922,0.113281
367,0.84375,3234.3945,0.128906
368,0.769531,3629.5508,0.167969
369,0.742188,2727.707,0.121094
370,0.730469,3674.5859,0.167969
371,0.769531,4246.8672,0.222656
372,0.8125,3247.0352,0.128906
373,0.730469,3695.7461,0.171875
374,0.804688,3186.5898,0.089844
375,0.660156,3821.6172,0.195312
376,0.707031,3843.5234,0.199219
377,0.832031,2941.6836,0.136719
378,0.773438,3657.4258,0.144531
379,0.730469,3377.2031,0.140625
380,0.796875,3294.207,0.132812
381,0.789062,3298.1406,0.113281
382,0.910156,2586.5898,0.070312
383,0.757812,3376.8047,0.164062
384,0.710938,3484.2305,0.160156
385,0.796875,3444.6289,0.121094
386,0.769531,3656.5273,0.167969
387,0.898438,3002.6602,0.082031
388,0.691406,3819.7461,0.210938
389,0.683594,3634.0469,0.136719
390,0.777344,3377.9297,0.109375
391,0.769531,3536.0508,0.152344
392,0.917969,2838.8789,0.046875
393,0.785156,3233.3984,0.117188
394,0.738281,3205.2461,0.136719
395,0.785156,3286.5117,0.136719
396,0.703125,3478.8594,0.15625
397,0.765625,3426.5508,0.132812
398,0.707031,3847.8242,0.210938
399,0.867188,3108.0,0.078125
400,0.824219,3664.6797,0.140625
401,0.851562,3038.2539,0.097656
402,0.871094,2818.8281,0.058594
403,0.796875,2857.3164,0.101562
404,0.746094,2992.2266,0.105469
405,0.746094,2980.3789,0.109375
406,0.761719,3373.0625,0.128906
407,0.761719,3805.1094,0.121094
408,0.703125,3549.2148,0.167969
409,0.835938,3201.0781,0.085938
410,0.789062,3374.293,0.085938
411,0.671875,3795.0547,0.199219
412,0.839844,2880.9766,0.042969
413,0.78125,3597.1094,0.171875
414,0.738281,3401.7148,0.15625
415,0.804688,3216.5625,0.117188
416,0.777344,3297.4297,0.101562
417,0.851562,2878.8008,0.054688
418,0.710938,3901.1875,0.167969
419,0.625,3397.0,0.144531
420,0.660156,3216.0234,0.136719
421,0.867188,2891.3242,0.089844
422,0.679688,3740.8984,0.148438
423,0.753906,3075.4258,0.113281
424,0.707031,3628.2852,0.207031
425,0.714844,3422.6211,0.160156
426,0.667969,3803.6797,0.183594
427,0.714844,3141.3945,0.09375
428,0.847656,2853.6523,0.058594
429,0.800781,3122.6719,0.113281
430,0.792969,3273.5234,0.113281
431,0.746094,3648.8125,0.207031
432,0.828125,3160.1797,0.058594
433,0.835938,2658.6094,0.0625
434,0.839844,2602.1172,0.046875
435,0.683594,3540.418,0.148438
436,0.746094,3150.1094,0.164062
437,0.789062,3440.5391,0.140625
438,0.835938,2933.7188,0.066406
439,0.871094,2466.4961,0.046875
440,0.710938,3445.1055,0.121094
441,0.730469,3680.9805,0.191406
442,0.644531,3874.4961,0.175781
443,0.832031,3167.2031,0.082031
444,0.734375,3386.7227,0.179688
445,0.730469,3591.3477,0.183594
446,0.789062,3135.9844,0.152344
447,0.828125,3019.7422,0.097656
448,0.894531,2533.4531,0.0625
449,0.808594,2852.4805,0.078125
450,0.746094,2943.6133,0.128906
451,0.867188,3086.2148,0.078125
452,0.703125,3412.2188,0.132812
453,0.789062,3378.6523,0.128906
454,0.90625,2863.3477,0.046875
455,0.820312,3141.5586,0.078125
456,0.824219,3233.2383,0.105469
457,0.898438,2678.1172,0.066406
458,0.828125,2780.1836,0.039062
459,0.738281,2816.9922,0.0625
460,0.808594,3051.25,0.101562
461,0.695312,3561.3945,0.125
462,0.796875,3293.6719,0.152344
463,0.742188,3527.8828,0.121094
464,0.773438,3093.9023,0.109375
465,0.851562,2817.7656,0.078125
466,0.792969,2964.1484,0.101562
467,0.722656,3227.832,0.148438
468,0.761719,3611.7812,0.167969
469,0.726562,3448.3086,0.132812
470,0.867188,2679.5039,0.054688
471,0.871094,2851.0586,0.042969
472,0.8125,3091.3203,0.109375
473,0.644531,3965.8047,0.230469
474,0.671875,3900.1992,0.167969
475,0.765625,3102.2617,0.074219
476,0.933594,2706.8438,0.050781
477,0.683594,3429.3281,0.074219
478,0.769531,3256.707,0.164062
479,0.667969,3326.7734,0.15625
480,0.75,3491.0469,0.117188
481,0.746094,3233.2773,0.101562
482,0.769531,3488.1328,0.144531
483,0.804688,3490.6562,0.128906
484,0.777344,3363.7891,0.132812
485,0.773438,3101.0156,0.074219
486,0.839844,3287.5703,0.128906
487,0.734375,2639.6055,0.0625
488,0.730469,3786.2148,0.152344
489,0.730469,3515.5273,0.101562
490,0.820312,3231.3047,0.066406
491,0.761719,3729.2148,0.140625
492,0.824219,2975.2695,0.054688
493,0.851562,2458.7344,0.054688
494,0.796875,3112.7969,0.140625
495,0.769531,3586.7383,0.160156
496,0.710938,3916.2773,0.195312
497,0.804688,3688.8164,0.136719
498,0.816406,2993.7812,0.113281
499,0.640625,3948.8359,0.230469
500,0.863281,2463.875,0.023438
501,0.734375,3295.0352,0.105469
502,0.828125,3189.2734,0.09375
503,0.890625,2677.9961,0.046875
504,0.824219,2973.3984,0.09375
505,0.886719,2887.4336,0.09375
506,0.761719,3595.7617,0.148438
507,0.816406,3506.4844,0.132812
508,0.847656,2957.2188,0.078125
509,0.855469,2731.3281,0.105469
510,0.792969,3373.4531,0.128906
511,0.785156,3222.9609,0.132812
512,0.871094,2526.2227,0.058594
513,0.796875,3480.4961,0.140625
514,0.808594,3147.8516,0.097656
515,0.714844,3518.457,0.132812
516,0.710938,3532.5508,0.121094
517,0.773438,2905.8867,0.121094
518,0.761719,3082.8359,0.105469
519,0.839844,2770.207,0.09375
520,0.71875,3262.7891,0.082031
521,0.867188,2961.3906,0.082031
522,0.746094,3382.5,0.128906
523,0.785156,2870.4414,0.105469
524,0.738281,3442.1719,0.09375
525,0.757812,3603.4766,0.152344
526,0.855469,2847.6016,0.113281
527,0.78125,2994.7266,0.105469
528,0.753906,3133.3516,0.144531
529,0.78125,3489.7891,0.121094
530,0.628906,4320.8828,0.269531
531,0.832031,2703.3828,0.078125
532,0.855469,3188.4727,0.117188
533,0.859375,3136.9688,0.082031
534,0.804688,2754.1328,0.085938
535,0.816406,3489.625,0.105469
536,0.789062,3467.7305,0.136719
537,0.738281,3265.9727,0.132812
538,0.792969,3236.6328,0.109375
539,0.808594,3161.1172,0.117188
540,0.851562,2530.3477,0.03125
541,0.714844,3033.6641,0.101562
542,0.671875,4301.0781,0.164062
543,0.851562,2808.2656,0.078125
544,0.796875,3625.9688,0.171875
545,0.6875,3664.7305,0.164062
546,0.828125,3148.2891,0.136719
547,0.8125,3130.6562,0.128906
548,0.683594,3962.6914,0.15625
549,0.832031,3194.3789,0.085938
550,0.746094,3553.0312,0.167969
551,0.769531,3365.2578,0.132812
552,0.695312,4091.7148,0.171875
553,0.824219,3046.5859,0.085938
554,0.636719,3936.3672,0.207031
555,0.832031,3103.0859,0.113281
556,0.792969,3199.4023,0.132812
557,0.8125,3158.957,0.121094
558,0.878906,2770.7383,0.082031
559,0.847656,2809.1445,0.078125
560,0.8125,3471.4336,0.136719
561,0.792969,3588.2969,0.144531
562,0.8125,3456.6289,0.105469
563,0.863281,2843.5703,0.0625
564,0.828125,3480.1719,0.144531
565,0.886719,3131.3789,0.074219
566,0.871094,2779.5742,0.058594
567,0.734375,3795.3945,0.148438
568,0.730469,3541.5234,0.152344
569,0.882812,3126.7852,0.085938
570,0.785156,3217.3125,0.097656
571,0.851562,3232.3945,0.136719
572,0.828125,3322.1875,0.125
573,0.675781,4172.5977,0.234375
574,0.835938,3069.7539,0.09375
575,0.789062,3191.9102,0.113281
576,0.664062,3208.1328,0.148438
577,0.761719,3345.4219,0.109375
578,0.648438,3466.6602,0.195312
579,0.714844,3541.8047,0.175781
580,0.796875,2443.8555,0.089844
581,0.84375,3197.0469,0.132812
582,0.773438,3582.5195,0.171875
583,0.828125,3433.9844,0.148438
584,0.867188,2102.5039,0.035156
585,0.695312,3585.3398,0.191406
586,0.820312,3134.6836,0.074219
587,0.820312,3085.0625,0.085938
588,0.6875,3227.0859,0.183594
589,0.761719,3404.2266,0.136719
590,0.816406,3427.5234,0.097656
591,0.757812,3701.8164,0.164062
592,0.839844,3375.9766,0.128906
593,0.757812,3372.7969,0.15625
594,0.746094,3375.7695,0.125
595,0.902344,2711.293,0.042969
596,0.714844,3722.2266,0.191406
597,0.71875,3632.6445,0.179688
598,0.714844,3837.8242,0.210938
599,0.824219,2935.6289,0.105469
600,0.554688,4002.4492,0.242188
601,0.757812,3602.3281,0.140625
602,0.679688,3949.7305,0.15625
603,0.695312,4332.8867,0.207031
604,0.738281,3159.3008,0.128906
605,0.800781,3076.1875,0.089844
606,0.84375,3003.7578,0.09375
607,0.726562,3296.207,0.183594
608,0.75,3647.2266,0.128906
609,0.78125,3050.6758,0.101562
610,0.65625,4334.832,0.226562
611,0.839844,3042.1953,0.113281
612,0.71875,3466.0781,0.144531
613,0.742188,3465.4922,0.082031
614,0.847656,3429.418,0.105469
615,0.847656,2799.2539,0.101562
616,0.652344,3619.1562,0.191406
617,0.867188,2689.5391,0.035156
618,0.761719,3153.3477,0.121094
619,0.667969,3824.9727,0.230469
620,0.6875,3973.0,0.246094
621,0.792969,3213.5781,0.140625
622,0.777344,3438.2031,0.128906
623,0.859375,3187.25,0.109375
624,0.71875,3847.0078,0.207031
625,0.707031,3481.4492,0.117188
626,0.714844,3516.9258,0.175781
627,0.773438,3103.5195,0.152344
628,0.855469,2000.2109,0.039062
629,0.773438,3214.6016,0.078125
630,0.695312,3650.4688,0.175781
631,0.847656,2841.1289,0.046875
632,0.804688,2940.2422,0.09375
633,0.917969,2673.3125,0.0625
634,0.828125,2758.6992,0.125
635,0.816406,3061.3828,0.128906
636,0.859375,2655.8516,0.070312
637,0.773438,3379.875,0.136719
638,0.816406,3295.4727,0.113281
639,0.746094,2883.7148,0.128906
640,0.773438,3533.4609,0.148438
641,0.859375,3200.5977,0.128906
642,0.832031,3034.1836,0.125
643,0.742188,4048.3555,0.191406
644,0.746094,3398.3477,0.148438
645,0.769531,3037.6875,0.089844
646,0.820312,3013.7617,0.066406
647,0.773438,3352.918,0.113281
648,0.800781,3502.3477,0.148438
649,0.863281,3105.7227,0.113281
650,0.710938,3638.082,0.128906
651,0.859375,3405.3477,0.089844
652,0.808594,2967.8906,0.105469
653,0.878906,2618.5742,0.0625
654,0.796875,3335.4805,0.140625
655,0.753906,3456.125,0.148438
656,0.691406,3703.8125,0.15625
657,0.847656,3314.5625,0.089844
658,0.730469,3313.4531,0.136719
659,0.796875,3249.3633,0.121094
660,0.78125,2437.25,0.046875
661,0.789062,3231.4531,0.054688
662,0.785156,2745.8516,0.128906
663,0.816406,3128.5195,0.117188
664,0.730469,3414.0273,0.121094
665,0.773438,2988.4102,0.078125
666,0.902344,2983.9414,0.050781
667,0.734375,3898.7188,0.121094
668,0.886719,3071.168,0.046875
669,0.769531,3057.2969,0.113281
670,0.753906,3125.375,0.125
671,0.777344,3778.0391,0.210938
672,0.792969,2915.3203,0.132812
673,0.753906,3615.4648,0.125
674,0.75,3435.6094,0.152344
675,0.742188,3597.9375,0.152344
676,0.777344,3551.0938,0.167969
677,0.835938,2719.1523,0.09375
678,0.707031,3240.0273,0.152344
679,0.808594,3002.418,0.09375
680,0.804688,3002.2891,0.113281
681,0.8125,2866.1289,0.125
682,0.796875,3378.1211,0.097656
683,0.828125,2792.7734,0.082031
684,0.597656,3832.832,0.195312
685,0.84375,2936.6445,0.082031
686,0.628906,3655.9531,0.164062
687,0.839844,3415.7227,0.132812
688,0.742188,3528.7031,0.140625
689,0.882812,2936.7578,0.058594
690,0.871094,2689.1875,0.0625
691,0.757812,3497.5156,0.113281
692,0.667969,3868.0938,0.21875
693,0.726562,3131.8359,0.136719
694,0.929688,2052.582,0.03125
695,0.761719,3269.7812,0.113281
696,0.761719,3129.6055,0.140625
697,0.714844,3055.2148,0.15625
698,0.875,2529.0859,0.027344
699,0.703125,3489.2773,0.152344
700,0.777344,3214.5703,0.113281
701,0.871094,3074.0,0.078125
702,0.726562,3278.1641,0.113281
703,0.863281,2800.7969,0.128906
704,0.796875,3133.4688,0.148438
705,0.726562,2996.8594,0.09375
706,0.867188,3130.1484,0.105469
707,0.789062,3456.3906,0.148438
708,0.828125,2899.9023,0.125
709,0.625,4342.6172,0.300781
710,0.710938,3394.9648,0.140625
711,0.796875,2914.7891,0.128906
712,0.679688,3294.1172,0.101562
713,0.75,4392.0664,0.191406
714,0.835938,3101.5078,0.128906
715,0.835938,2974.2773,0.128906
716,0.863281,2647.7773,0.09375
717,0.835938,2882.3633,0.101562
718,0.820312,3030.7344,0.105469
719,0.773438,3029.332,0.136719
720,0.855469,2671.7109,0.082031
721,0.734375,3151.3477,0.144531
722,0.769531,3197.3242,0.105469
723,0.789062,3141.6172,0.109375
724,0.804688,3638.2266,0.125
725,0.8125,2899.7422,0.074219
726,0.777344,3596.3711,0.15625
727,0.753906,3250.3711,0.128906
728,0.839844,2872.2422,0.078125
729,0.699219,3093.0586,0.128906
730,0.785156,3372.6016,0.117188
731,0.746094,3779.3516,0.214844
732,0.777344,2973.2031,0.117188
733,0.777344,3426.4609,0.152344
734,0.6875,2922.1094,0.078125
735,0.785156,3319.6797,0.136719
736,0.8125,2434.125,0.039062
737,0.648438,3883.75,0.15625
738,0.8125,2688.0273,0.089844
739,0.769531,3336.5039,0.121094
740,0.769531,3185.2539,0.113281
741,0.867188,2631.7148,0.042969
742,0.765625,3564.9883,0.140625
743,0.726562,3392.9492,0.125
744,0.824219,2911.4531,0.082031
745,0.761719,3682.0469,0.160156
746,0.644531,4093.332,0.214844
747,0.8125,3072.4961,0.105469
748,0.8125,2423.8828,0.046875
749,0.773438,3662.5078,0.121094
750,0.832031,3232.9336,0.128906
751,0.679688,3958.7812,0.238281
752,0.714844,3577.5859,0.164062
753,0.832031,3346.1289,0.113281
754,0.730469,3619.707,0.171875
755,0.777344,3144.9492,0.097656
756,0.710938,4085.1172,0.246094
757,0.664062,3873.7734,0.128906
758,0.855469,2783.3906,0.078125
759,0.746094,3019.8398,0.121094
760,0.574219,4125.5195,0.210938
761,0.816406,2922.0273,0.125
762,0.746094,3226.9023,0.152344
763,0.742188,3547.6719,0.164062
764,0.753906,3845.1719,0.1875
765,0.699219,2862.3672,0.089844
766,0.773438,3149.5977,0.085938
767,0.835938,3063.1992,0.058594
768,0.667969,3975.0195,0.171875
769,0.691406,2996.7695,0.121094
770,0.84375,2456.7773,0.074219
771,0.707031,3871.4297,0.175781
772,0.644531,4004.793,0.195312
773,0.855469,3090.5859,0.066406
774,0.828125,2837.6797,0.09375
775,0.8125,3186.8008,0.105469
776,0.679688,3956.1602,0.210938
777,0.78125,3393.3086,0.140625
778,0.644531,3850.8711,0.21875
779,0.761719,2848.1328,0.117188
780,0.824219,3173.418,0.089844
781,0.550781,3974.3047,0.191406
782,0.882812,2586.4492,0.042969
783,0.753906,2867.3242,0.0625
784,0.75,3239.043,0.132812
785,0.785156,3321.8594,0.183594
786,0.703125,3046.2539,0.097656
787,0.851562,2711.6328,0.054688
788,0.683594,3478.082,0.148438
789,0.714844,3505.4062,0.175781
790,0.882812,2759.4375,0.070312
791,0.742188,3633.0078,0.191406
792,0.789062,3435.668,0.164062
793,0.789062,2860.3359,0.046875
794,0.742188,3025.7891,0.132812
795,0.691406,3324.0547,0.144531
796,0.804688,3234.8047,0.148438
797,0.6875,3181.5469,0.199219
798,0.796875,2834.6484,0.128906
799,0.820312,3319.0625,0.132812
800,0.78125,2950.707,0.078125
801,0.878906,2438.4062,0.070312
802,0.644531,4053.4766,0.253906
803,0.761719,2912.832,0.109375
804,0.773438,3154.5742,0.148438
805,0.667969,3572.9805,0.164062
806,0.769531,2783.0625,0.066406
807,0.707031,4309.5078,0.1875
808,0.707031,3536.1875,0.183594
809,0.800781,3194.1484,0.101562
810,0.683594,3331.8633,0.175781
811,0.785156,3320.5312,0.117188
812,0.644531,3458.7539,0.191406
813,0.773438,3037.5625,0.121094
814,0.84375,2820.9961,0.128906
815,0.777344,3181.1875,0.140625
816,0.738281,3174.0195,0.113281
817,0.820312,3069.1016,0.078125
818,0.785156,3094.8945,0.074219
819,0.746094,3717.1797,0.199219
820,0.78125,3117.4453,0.152344
821,0.640625,3479.1094,0.1875
822,0.800781,3039.5547,0.101562
823,0.636719,3755.5,0.226562
824,0.675781,2816.6836,0.074219
825,0.929688,2554.0234,0.023438
826,0.710938,3022.3047,0.132812
827,0.722656,2808.1406,0.09375
828,0.621094,3552.9688,0.21875
829,0.664062,3504.7969,0.144531
830,0.742188,2999.7461,0.128906
831,0.699219,3419.4414,0.199219
832,0.742188,3454.1562,0.164062
833,0.660156,3889.082,0.1875
834,0.734375,3623.7539,0.164062
835,0.75,2913.668,0.082031
836,0.804688,2567.168,0.089844
837,0.660156,3192.8359,0.152344
838,0.726562,3243.0742,0.152344
839,0.75,3059.1992,0.136719
840,0.625,3676.7539,0.1875
841,0.648438,3657.2109,0.171875
842,0.757812,2829.793,0.113281
843,0.691406,3831.0312,0.210938
844,0.683594,3846.9961,0.246094
845,0.730469,3236.4805,0.164062
846,0.75,2956.918,0.0625
847,0.679688,3561.1211,0.199219
848,0.714844,3525.0117,0.203125
849,0.652344,3182.8555,0.144531
850,0.832031,2871.2617,0.097656
851,0.730469,3602.1602,0.195312
852,0.71875,3353.543,0.164062
853,0.667969,3693.4648,0.1875
854,0.605469,3882.7031,0.226562
855,0.582031,4028.9102,0.214844
856,0.742188,2819.5039,0.101562
857,0.636719,3097.3555,0.160156
858,0.699219,3158.293,0.121094
859,0.75,3590.0938,0.175781
860,0.699219,3158.3047,0.15625
861,0.648438,3362.9219,0.132812
862,0.667969,3059.2891,0.152344
863,0.75,3556.2461,0.132812
864,0.636719,3808.9414,0.175781
865,0.679688,3351.3867,0.101562
866,0.648438,3608.0117,0.199219
867,0.777344,3061.625,0.136719
868,0.671875,3325.3398,0.175781
869,0.566406,4051.7344,0.277344
870,0.632812,3857.3789,0.304688
871,0.71875,3292.8867,0.226562
872,0.753906,3354.3008,0.167969
873,0.6875,3916.5156,0.242188
874,0.507812,4201.0391,0.339844
875,0.746094,2931.8945,0.074219
876,0.738281,3180.0898,0.179688
877,0.859375,2981.8945,0.117188
878,0.695312,3654.6406,0.210938
879,0.667969,3567.1484,0.191406
880,0.632812,3877.4453,0.199219
881,0.765625,3038.6133,0.140625
882,0.683594,3035.2031,0.132812
883,0.546875,4742.0117,0.335938
884,0.609375,3635.8945,0.148438
885,0.574219,3927.3516,0.277344
886,0.714844,3244.4023,0.148438
887,0.738281,3800.7578,0.171875
888,0.808594,2882.0078,0.09375
889,0.710938,3268.5977,0.222656
890,0.726562,3435.7422,0.203125
891,0.714844,3124.7578,0.179688
892,0.640625,3476.0312,0.210938
893,0.722656,2803.7227,0.097656
894,0.691406,3232.9727,0.164062
895,0.636719,3498.8008,0.167969
896,0.683594,3578.1523,0.246094
897,0.5,4577.6641,0.285156
898,0.648438,3823.9102,0.199219
899,0.699219,3590.8789,0.210938
900,0.765625,2890.4258,0.140625
901,0.714844,3174.0742,0.214844
902,0.753906,3597.0273,0.179688
903,0.667969,3551.4531,0.175781
904,0.667969,3656.4141,0.246094
905,0.71875,3180.8008,0.148438
906,0.632812,3798.1406,0.265625
907,0.632812,3648.5391,0.292969
908,0.574219,3873.5508,0.277344
909,0.625,3896.9492,0.230469
910,0.636719,3067.1602,0.1875
911,0.652344,3499.4727,0.179688
912,0.570312,3829.6992,0.253906
913,0.691406,3769.9336,0.226562
914,0.691406,3605.9414,0.269531
915,0.550781,4530.3398,0.269531
916,0.664062,3785.7891,0.238281
917,0.5625,4974.1797,0.382812
918,0.613281,4123.1758,0.289062
919,0.554688,4489.9688,0.367188
920,0.511719,3853.2109,0.238281
921,0.597656,4010.0625,0.25
922,0.792969,3264.5,0.140625
923,0.609375,3905.4844,0.234375
924,0.699219,3047.6992,0.195312
925,0.605469,4201.0508,0.277344
926,0.652344,3625.2578,0.195312
927,0.46875,5178.6719,0.402344
928,0.558594,4673.3945,0.339844
929,0.695312,3264.0586,0.152344
930,0.628906,4089.0,0.242188
931,0.359375,4951.4141,0.429688
932,0.441406,4904.7031,0.367188
933,0.628906,3502.9609,0.207031
934,0.570312,4416.4883,0.210938
935,0.613281,4201.5742,0.226562
936,0.652344,3302.3633,0.179688
937,0.652344,3974.125,0.242188
938,0.609375,3854.9531,0.121094
939,0.523438,4055.1523,0.222656
940,0.683594,3663.8008,0.140625
941,0.632812,3676.1016,0.152344
942,0.4375,4944.0547,0.265625
943,0.59375,3926.0234,0.179688
944,0.714844,3781.4336,0.207031
945,0.542969,4152.418,0.179688
946,0.636719,3918.75,0.199219
947,0.710938,3506.2891,0.160156
948,0.496094,3870.332,0.132812
949,0.707031,3379.6211,0.132812
950,0.511719,4268.1172,0.226562
951,0.617188,4063.4727,0.144531
952,0.519531,4408.2422,0.203125
953,0.574219,3969.9375,0.15625
954,0.539062,3585.3438,0.179688
955,0.617188,3960.332,0.121094
956,0.535156,4254.5938,0.105469
957,0.714844,2794.3672,0.011719
958,0.523438,4275.3711,0.15625
959,0.585938,3843.3984,0.113281
960,0.546875,4032.1602,0.171875
961,0.523438,4175.3594,0.125
962,0.683594,3181.3867,0.070312
963,0.734375,3022.6094,0.042969
964,0.589844,3394.9492,0.050781
965,0.609375,3946.3711,0.054688
966,0.484375,4402.7109,0.109375
967,0.492188,4363.9727,0.113281
968,0.574219,3670.7227,0.078125
969,0.570312,3818.4141,0.074219
970,0.546875,3964.0273,0.070312
971,0.46875,4364.2773,0.128906
972,0.570312,3833.7109,0.09375
973,0.421875,4521.4961,0.085938
974,0.542969,4636.5234,0.132812
975,0.425781,3925.4141,0.027344
976,0.53125,4126.2227,0.0625
977,0.5625,3755.2344,0.042969
978,0.59375,3567.1133,0.046875
979,0.578125,3291.1875,0.058594
980,0.601562,3770.0586,0.054688
981,0.492188,4614.8164,0.070312
982,0.542969,3453.8984,0.039062
983,0.53125,3637.3008,0.023438
984,0.566406,3964.4336,0.050781
985,0.589844,3408.082,0.015625
986,0.59375,3749.6562,0.039062
987,0.5625,3457.3867,0.019531
988,0.496094,4029.7773,0.058594
989,0.511719,4065.7266,0.039062
990,0.546875,4133.9336,0.042969
991,0.605469,3667.7266,0.039062
992,0.621094,3010.4492,0.011719
993,0.597656,3097.4258,0.011719
994,0.550781,3348.4336,0.015625
995,0.484375,3704.4609,0.035156
996,0.597656,3480.4102,0.003906
997,0.574219,3540.8516,0.007812
998,0.570312,3618.6406,0.046875
999,0.539062,3806.418,0.03125
1000,0.609375,2881.9531,0.011719
1001,0.453125,3917.2656,0.078125
1002,0.53125,4208.1016,0.097656
1003,0.429688,4257.0625,0.039062
1004,0.617188,3149.4844,0.011719
1005,0.554688,3816.1953,0.011719
1006,0.585938,3941.8281,0.015625
1007,0.488281,3607.8398,0.0
1008,0.621094,3139.6797,0.027344
1009,0.644531,3528.0664,0.007812
1010,0.621094,3268.2422,0.003906
1011,0.574219,3187.4492,0.019531
1012,0.566406,3241.3398,0.015625
1013,0.488281,3633.4805,0.023438
1014,0.667969,2770.082,0.007812
1015,0.550781,2999.2891,0.0
1016,0.558594,3147.0078,0.007812
1017,0.613281,2952.5117,0.003906
1018,0.507812,3047.0859,0.015625
1019,0.664062,3073.0547,0.0
1020,0.515625,3498.8438,0.023438
1021,0.5625,2886.9844,0.042969
1022,0.457031,3575.2891,0.003906
1023,0.628906,2842.6523,0.007812
1024,0.589844,3044.4844,0.019531
1025,0.527344,2938.2734,0.003906
1026,0.527344,3032.4141,0.019531
1027,0.546875,3154.3281,0.007812
1028,0.542969,3323.4414,0.027344
1029,0.53125,3033.7852,0.003906
1030,0.484375,3143.957,0.003906
1031,0.585938,3068.1719,0.003906
1032,0.550781,2622.0664,0.003906
1033,0.648438,3025.0312,0.019531
1034,0.589844,2713.1367,0.011719
1035,0.5,3109.9023,0.03125
1036,0.558594,3191.5156,0.015625
1037,0.273438,3700.3086,0.035156
1038,0.488281,3092.2344,0.0
1039,0.613281,3059.3203,0.003906
1040,0.664062,2728.2773,0.007812
1041,0.480469,3250.3477,0.003906
1042,0.507812,3161.7461,0.011719
1043,0.484375,3641.6055,0.0
1044,0.5625,2994.7422,0.023438
1045,0.628906,2655.3203,0.003906
1046,0.445312,3323.9844,0.015625
1047,0.542969,2448.7109,0.003906
1048,0.488281,3183.0391,0.003906
1049,0.683594,2168.0469,0.0
1050,0.515625,2764.5234,0.023438
1051,0.480469,3229.7148,0.007812
1052,0.539062,2581.3086,0.003906
1053,0.5625,2673.8945,0.003906
1054,0.613281,2484.6016,0.019531
1055,0.59375,2770.1367,0.007812
1056,0.527344,2833.0547,0.003906
1057,0.433594,3185.5078,0.0
1058,0.660156,2871.918,0.003906
1059,0.550781,3015.4883,0.007812
1060,0.628906,2646.2617,0.003906
1061,0.683594,2705.2148,0.0
1062,0.472656,3132.1172,0.007812
1063,0.542969,2926.7109,0.015625
1064,0.644531,2599.5117,0.027344
1065,0.523438,3004.0781,0.007812
1066,0.617188,2766.7812,0.023438
1067,0.601562,2538.0977,0.003906
1068,0.628906,2490.5,0.046875
1069,0.507812,2597.8672,0.011719
1070,0.59375,2533.0664,0.003906
1071,0.609375,2506.1289,0.023438
1072,0.5,3089.9727,0.019531
1073,0.605469,2593.8711,0.007812
1074,0.636719,2375.2617,0.0
1075,0.527344,2740.7422,0.0
1076,0.488281,3149.8086,0.019531
1077,0.503906,2775.8125,0.019531
1078,0.5625,2645.1289,0.019531
1079,0.667969,2144.0859,0.0
1080,0.546875,2275.6016,0.007812
1081,0.625,2524.2773,0.019531
1082,0.582031,2534.8945,0.015625
1083,0.558594,2821.1914,0.003906
1084,0.375,3175.3828,0.03125
1085,0.53125,2568.1836,0.046875
1086,0.632812,2270.0469,0.03125
1087,0.640625,2184.418,0.015625
1088,0.476562,2792.6094,0.019531
1089,0.535156,2483.3086,0.011719
1090,0.707031,2133.0234,0.011719
1091,0.523438,2718.9844,0.011719
1092,0.636719,2492.6797,0.027344
1093,0.605469,2372.918,0.015625
1094,0.546875,2357.2656,0.003906
1095,0.535156,2610.0273,0.046875
1096,0.476562,2813.1328,0.03125
1097,0.484375,2974.7891,0.023438
1098,0.5,2557.0625,0.007812
1099,0.496094,2418.9453,0.007812
1100,0.601562,2449.8633,0.015625
1101,0.582031,2256.7656,0.023438
1102,0.664062,1965.6055,0.003906
1103,0.664062,1960.6523,0.011719
1104,0.554688,2211.8008,0.015625
1105,0.59375,2367.082,0.023438
1106,0.621094,2224.9531,0.027344
1107,0.476562,2413.5938,0.027344
1108,0.492188,2488.1445,0.011719
1109,0.535156,2360.7695,0.027344
1110,0.605469,2122.793,0.0
1111,0.582031,2206.3789,0.019531
1112,0.402344,2600.6523,0.039062
1113,0.625,2148.5078,0.023438
1114,0.582031,2211.8477,0.015625
1115,0.433594,2621.0703,0.035156
1116,0.558594,2394.6641,0.039062
1117,0.71875,1785.0586,0.0
1118,0.421875,2721.5039,0.050781
1119,0.597656,2167.9609,0.015625
1120,0.632812,2164.7109,0.007812
1121,0.542969,2422.668,0.015625
1122,0.554688,2340.0039,0.027344
1123,0.488281,2598.3945,0.019531
1124,0.628906,2236.8711,0.015625
1125,0.589844,1981.0312,0.007812
1126,0.660156,1803.4844,0.0
1127,0.625,2265.6719,0.027344
1128,0.566406,2140.1836,0.011719
1129,0.648438,2215.0117,0.027344
1130,0.683594,2269.0117,0.039062
1131,0.453125,2346.9727,0.003906
1132,0.605469,1949.7266,0.0
1133,0.578125,2198.2539,0.011719
1134,0.664062,1923.5312,0.019531
1135,0.589844,2167.1055,0.039062
1136,0.546875,2191.6914,0.011719
1137,0.605469,1842.8203,0.003906
1138,0.644531,1870.4922,0.003906
1139,0.53125,2394.6797,0.042969
1140,0.554688,2230.5234,0.027344
1141,0.683594,1901.7344,0.003906
1142,0.570312,2278.5742,0.023438
1143,0.453125,2347.6055,0.035156
1144,0.53125,2148.7969,0.003906
1145,0.628906,1696.1523,0.003906
1146,0.574219,2001.7109,0.042969
1147,0.628906,1959.9766,0.003906
1148,0.789062,1619.6133,0.0
1149,0.535156,1963.293,0.015625
1150,0.578125,2158.0547,0.011719
1151,0.6875,1819.4844,0.003906
1152,0.597656,1926.8047,0.023438
1153,0.648438,1880.207,0.015625
1154,0.753906,1658.2305,0.003906
1155,0.53125,2141.6445,0.019531
1156,0.6875,1749.3828,0.019531
1157,0.597656,1712.1094,0.003906
1158,0.550781,1948.2852,0.011719
1159,0.488281,1976.5938,0.023438
1160,0.574219,1857.2617,0.011719
1161,0.53125,2001.3242,0.015625
1162,0.632812,1676.1016,0.0
1163,0.648438,1583.043,0.0
1164,0.554688,1902.4766,0.03125
1165,0.40625,2038.4805,0.007812
1166,0.507812,1785.457,0.003906
1167,0.4375,1780.7227,0.0
1168,0.492188,1844.707,0.007812
1169,0.441406,1784.2539,0.007812
1170,0.636719,1545.6289,0.007812
1171,0.554688,1797.0078,0.0
1172,0.46875,1916.6719,0.007812
1173,0.714844,1648.0938,0.0
1174,0.453125,1908.8828,0.027344
1175,0.472656,2013.6914,0.003906
1176,0.632812,1791.0742,0.003906
1177,0.476562,1949.5508,0.0
1178,0.546875,1753.7461,0.003906
1179,0.636719,1458.1797,0.0
1180,0.484375,2078.0312,0.035156
1181,0.726562,1623.0352,0.0
1182,0.511719,1732.4727,0.0
1183,0.449219,1830.7109,0.007812
1184,0.507812,1836.5352,0.007812
1185,0.699219,1412.4062,0.0
1186,0.535156,1813.5,0.007812
1187,0.640625,1605.6836,0.011719
1188,0.542969,1672.2773,0.0
1189,0.574219,1804.1328,0.011719
1190,0.585938,1550.457,0.003906
1191,0.539062,1795.3008,0.015625
1192,0.5,1506.4414,0.003906
1193,0.640625,1637.2266,0.007812
1194,0.765625,1480.3125,0.0
1195,0.664062,1468.3633,0.0
1196,0.683594,1402.9805,0.0
1197,0.582031,1365.1719,0.0
1198,0.53125,1640.0586,0.011719
1199,0.515625,1602.4258,0.003906
1200,0.601562,1557.4453,0.003906
1201,0.65625,1386.5117,0.0
1202,0.496094,1491.4688,0.003906
1203,0.460938,1527.9844,0.003906
1204,0.582031,1484.1914,0.0
1205,0.722656,1364.8984,0.003906
1206,0.597656,1561.0508,0.003906
1207,0.5625,1290.9844,0.0
1208,0.628906,1425.5859,0.0
1209,0.640625,1455.6602,0.007812
1210,0.59375,1408.6719,0.003906
1211,0.558594,1390.1992,0.0
1212,0.378906,1683.9648,0.0
1213,0.507812,1518.5273,0.0
1214,0.628906,1394.3242,0.011719
1215,0.574219,1478.6523,0.003906
1216,0.636719,1414.4062,0.011719
1217,0.578125,1524.7188,0.003906
1218,0.546875,1402.3633,0.003906
1219,0.683594,1415.0039,0.011719
1220,0.558594,1289.457,0.0
1221,0.484375,1562.3828,0.015625
1222,0.734375,1402.25,0.003906
1223,0.683594,1482.8398,0.007812
1224,0.558594,1303.2031,0.0
1225,0.539062,1563.3945,0.019531
1226,0.625,1396.293,0.007812
1227,0.746094,1349.5586,0.003906
1228,0.570312,1462.5703,0.003906
1229,0.632812,1389.2852,0.003906
1230,0.65625,1295.4141,0.003906
1231,0.539062,1607.5039,0.015625
1232,0.636719,1455.1172,0.023438
1233,0.542969,1493.957,0.003906
1234,0.695312,1366.4648,0.011719
1235,0.582031,1373.0078,0.007812
1236,0.503906,1490.0,0.007812
1237,0.644531,1337.7852,0.0
1238,0.613281,1359.832,0.007812
1239,0.527344,1364.6055,0.007812
1240,0.589844,1332.2461,0.003906
1241,0.632812,1373.4141,0.003906
1242,0.429688,1685.4414,0.015625
1243,0.511719,1451.7617,0.003906
1244,0.59375,1337.9336,0.011719
1245,0.527344,1477.3203,0.003906
1246,0.59375,1407.3398,0.003906
1247,0.546875,1335.5664,0.003906
1248,0.632812,1460.3164,0.019531
1249,0.582031,1414.8672,0.011719
1250,0.484375,1354.3633,0.003906
1251,0.601562,1336.793,0.007812
1252,0.484375,1294.8867,0.0
1253,0.503906,1454.6719,0.015625
1254,0.769531,1124.957,0.0
1255,0.476562,1433.6094,0.007812
1256,0.550781,1309.7969,0.007812
1257,0.550781,1420.9062,0.019531
1258,0.453125,1373.0586,0.003906
1259,0.523438,1238.2031,0.007812
1260,0.410156,1333.3906,0.011719
1261,0.617188,1298.1562,0.011719
1262,0.515625,1415.7031,0.011719
1263,0.546875,1231.2891,0.003906
1264,0.617188,1204.8672,0.003906
1265,0.617188,1271.9922,0.011719
1266,0.507812,1299.7188,0.003906
1267,0.671875,1203.6445,0.0
1268,0.496094,1239.832,0.003906
1269,0.585938,1244.207,0.0
1270,0.632812,1259.6016,0.011719
1271,0.683594,1177.5352,0.007812
1272,0.410156,1262.0391,0.011719
1273,0.609375,1257.9062,0.015625
1274,0.570312,1286.4297,0.011719
1275,0.46875,1375.7617,0.007812
1276,0.640625,1341.4492,0.011719
1277,0.488281,1264.2617,0.011719
1278,0.457031,1328.5547,0.011719
1279,0.484375,1271.2305,0.011719
1280,0.648438,1306.5352,0.019531
1281,0.464844,1308.8789,0.011719
1282,0.644531,1231.9258,0.015625
1283,0.585938,1126.6211,0.0
1284,0.574219,1229.6445,0.003906
1285,0.644531,1163.1797,0.003906
1286,0.507812,1357.7461,0.019531
1287,0.546875,1192.2656,0.011719
1288,0.457031,1307.0664,0.007812
1289,0.628906,1143.3867,0.007812
1290,0.414062,1408.6367,0.015625
