step,reward_score_ma30,response_length_ma30,clip_ratio_ma30
16,0.744401,4279.1294,0.194401
17,0.740625,4294.3488,0.196745
18,0.735417,4295.9509,0.20013
19,0.726823,4346.8411,0.208984
20,0.729167,4320.2246,0.205339
21,0.727604,4335.1986,0.207292
22,0.726562,4346.7073,0.209505
23,0.730078,4305.1018,0.202474
24,0.735026,4292.8102,0.199349
25,0.73724,4301.9622,0.198438
26,0.738281,4309.9741,0.198047
27,0.738932,4308.2303,0.197917
28,0.735677,4317.4978,0.198828
29,0.742708,4304.0152,0.19375
30,0.739193,4310.4568,0.194401
31,0.738932,4319.0898,0.195573
32,0.736198,4315.6766,0.197656
33,0.730729,4353.0195,0.201693
34,0.729036,4339.9978,0.201953
35,0.734115,4322.5426,0.198047
36,0.738021,4307.3604,0.19401
37,0.733854,4331.9888,0.197526
38,0.73151,4355.7872,0.199089
39,0.724349,4399.9184,0.205208
40,0.723047,4402.887,0.205859
41,0.724609,4400.7044,0.207031
42,0.723307,4407.5323,0.209896
43,0.727995,4384.8944,0.208854
44,0.725521,4408.1454,0.208854
45,0.728776,4394.6574,0.20599
46,0.732031,4368.2708,0.202474
47,0.73138,4367.7152,0.202344
48,0.735677,4351.8897,0.201042
49,0.744401,4287.1074,0.192318
50,0.744141,4304.0242,0.192839
51,0.747656,4265.0574,0.18737
52,0.750911,4242.8243,0.184245
53,0.748177,4267.0708,0.18763
54,0.748958,4251.7836,0.186719
55,0.752604,4221.7789,0.184505
56,0.753516,4198.0917,0.182552
57,0.757292,4182.6596,0.179688
58,0.758854,4173.6958,0.178906
59,0.754427,4182.9159,0.181641
60,0.759766,4150.8497,0.179036
61,0.760417,4150.0432,0.179167
62,0.765495,4134.1661,0.176953
63,0.767578,4096.7991,0.173568
64,0.770052,4073.0178,0.170052
65,0.771745,4062.6866,0.169531
66,0.774089,4057.5172,0.168229
67,0.772526,4059.0766,0.170573
68,0.771875,4041.6301,0.169531
69,0.776172,3991.0551,0.164714
70,0.771354,4021.2546,0.168359
71,0.771745,4042.7444,0.16875
72,0.773177,4030.3013,0.166146
73,0.771745,4040.7936,0.165755
74,0.773828,4022.8574,0.166146
75,0.771615,4033.1996,0.167578
76,0.764844,4056.9247,0.172786
77,0.765365,4059.0033,0.174219
78,0.763281,4076.4874,0.174349
79,0.759375,4094.7434,0.176172
80,0.757943,4089.5126,0.177474
81,0.758854,4097.553,0.17513
82,0.756771,4087.7285,0.175391
83,0.757552,4066.0833,0.173958
84,0.759635,4062.8904,0.171484
85,0.760026,4060.521,0.170833
86,0.757682,4091.6365,0.173307
87,0.749219,4125.566,0.179948
88,0.752083,4104.2186,0.177604
89,0.755339,4080.2043,0.175911
90,0.754297,4104.3777,0.176823
91,0.75026,4096.0717,0.177083
92,0.750651,4084.3022,0.174089
93,0.753255,4077.3491,0.172135
94,0.753385,4082.1393,0.173177
95,0.753516,4064.526,0.172135
96,0.749219,4078.9783,0.174219
97,0.749089,4046.0402,0.16849
98,0.755729,4016.6223,0.166536
99,0.757161,4012.629,0.164974
100,0.757943,3974.3357,0.163021
101,0.759505,3946.8092,0.161719
102,0.758073,3926.5926,0.160156
103,0.759245,3896.5943,0.158464
104,0.758854,3899.2776,0.158073
105,0.757031,3910.2936,0.161979
106,0.758594,3905.713,0.160026
107,0.75599,3895.254,0.159896
108,0.759115,3862.2562,0.157292
109,0.761198,3846.9552,0.157422
110,0.766276,3810.6611,0.152083
111,0.761589,3811.0217,0.154427
112,0.76276,3795.9388,0.151693
113,0.766927,3795.0562,0.149609
114,0.764062,3785.7423,0.152474
115,0.760547,3790.3583,0.153516
116,0.760156,3778.7217,0.154687
117,0.761849,3755.7633,0.152214
118,0.757812,3779.1272,0.156641
119,0.758203,3789.7482,0.157161
120,0.759115,3782.0301,0.157943
121,0.764062,3763.3007,0.153125
122,0.757552,3768.7832,0.15599
123,0.759896,3770.4484,0.155208
124,0.763021,3767.8589,0.152995
125,0.761719,3787.3525,0.155859
126,0.760417,3775.4829,0.156901
127,0.766146,3772.3624,0.155469
128,0.764714,3783.2896,0.157422
129,0.764583,3777.1568,0.158203
130,0.765885,3784.275,0.158594
131,0.764844,3804.4465,0.159896
132,0.765885,3800.0727,0.159505
133,0.766146,3808.0082,0.159115
134,0.767969,3789.3842,0.156771
135,0.76888,3791.3257,0.157292
136,0.771484,3786.8792,0.156771
137,0.779557,3748.1901,0.150781
138,0.781771,3722.1323,0.147005
139,0.780469,3730.5885,0.148438
140,0.776823,3765.6029,0.150911
141,0.783724,3740.1469,0.149219
142,0.784245,3735.9641,0.149089
143,0.783203,3727.5393,0.149479
144,0.785026,3721.7543,0.147135
145,0.789974,3688.0495,0.145052
146,0.788672,3694.4801,0.145573
147,0.788932,3695.6159,0.145052
148,0.788802,3693.0284,0.14401
149,0.785938,3685.2478,0.14375
150,0.783203,3684.3803,0.144531
151,0.780729,3705.1065,0.148698
152,0.785417,3690.0928,0.147005
153,0.784766,3694.937,0.147266
154,0.783464,3684.1533,0.147917
155,0.780469,3701.6237,0.15
156,0.783984,3678.4451,0.145052
157,0.782552,3680.9388,0.145443
158,0.777995,3681.0314,0.145312
159,0.777734,3678.4078,0.145052
160,0.78112,3659.3743,0.141536
161,0.783203,3614.4497,0.13763
162,0.786328,3610.207,0.136719
163,0.786198,3629.5444,0.13763
164,0.785547,3633.5648,0.13776
165,0.791667,3595.2297,0.132161
166,0.792318,3566.8342,0.128906
167,0.786198,3600.8113,0.134245
168,0.782812,3634.2126,0.138281
169,0.783203,3621.7646,0.136458
170,0.782682,3613.1,0.138021
171,0.775651,3643.2172,0.139974
172,0.777083,3633.3249,0.140234
173,0.776953,3651.26,0.141016
174,0.773698,3655.6408,0.140234
175,0.769271,3691.0534,0.144531
176,0.765885,3696.5932,0.144141
177,0.764844,3711.3844,0.145182
178,0.766406,3701.4784,0.14362
179,0.76901,3684.6771,0.141536
180,0.773958,3656.0908,0.136589
181,0.773438,3661.8757,0.138932
182,0.772656,3655.8145,0.138802
183,0.772135,3643.2414,0.139974
184,0.773438,3626.2335,0.138672
185,0.773958,3604.34,0.136979
186,0.779167,3561.6193,0.133333
187,0.773307,3553.3531,0.135938
188,0.777604,3545.6667,0.135417
189,0.779557,3528.3216,0.134766
190,0.778776,3532.2112,0.135677
191,0.77487,3559.9555,0.140234
192,0.770964,3581.2836,0.142969
193,0.767448,3585.001,0.145573
194,0.772266,3554.5413,0.142969
195,0.768229,3557.1742,0.14375
196,0.767188,3585.272,0.146875
197,0.763932,3577.1885,0.146875
198,0.76224,3580.3417,0.146615
199,0.762109,3582.4892,0.147656
200,0.761068,3579.5061,0.148828
201,0.757161,3587.6958,0.151953
202,0.755469,3611.4952,0.153255
203,0.75651,3580.4603,0.152995
204,0.757682,3583.8258,0.154557
205,0.757031,3588.4598,0.152865
206,0.763672,3544.7012,0.148438
207,0.763542,3523.7702,0.146354
208,0.763151,3542.1888,0.147786
209,0.761589,3537.6048,0.148047
210,0.758333,3545.3885,0.14987
211,0.761719,3521.9267,0.146745
212,0.761849,3549.6518,0.147526
213,0.759766,3544.3283,0.145052
214,0.754818,3556.5796,0.146094
215,0.759766,3531.5216,0.14349
216,0.755859,3559.5898,0.147005
217,0.761849,3560.4732,0.145312
218,0.765365,3542.629,0.142057
219,0.763542,3563.1385,0.14349
220,0.762891,3566.1585,0.144922
221,0.761719,3582.4794,0.143229
222,0.763021,3554.7404,0.140625
223,0.765625,3533.6198,0.136068
224,0.764714,3553.2049,0.137109
225,0.765755,3547.587,0.136198
226,0.770312,3514.9337,0.133333
227,0.773958,3506.5004,0.130469
228,0.775391,3491.9094,0.130339
229,0.779427,3468.1749,0.127474
230,0.779557,3443.6312,0.124479
231,0.790755,3393.2247,0.117969
232,0.791927,3374.032,0.117318
233,0.789062,3391.0466,0.119922
234,0.78776,3398.1121,0.120443
235,0.791016,3366.352,0.117578
236,0.789062,3391.6799,0.120312
237,0.790495,3386.0922,0.120443
238,0.792318,3336.8309,0.116927
239,0.794141,3345.3576,0.116276
240,0.794922,3370.9048,0.11849
241,0.792187,3385.2417,0.117839
242,0.794661,3370.7384,0.116536
243,0.80026,3355.5703,0.115755
244,0.806771,3336.8611,0.113281
245,0.805729,3344.6857,0.113542
246,0.804948,3336.7784,0.114323
247,0.806641,3330.0509,0.114583
248,0.802214,3345.7332,0.115234
249,0.798828,3337.6509,0.115365
250,0.801823,3310.0405,0.111589
251,0.803516,3294.7487,0.113932
252,0.798307,3308.6848,0.116536
253,0.799609,3297.9857,0.119401
254,0.79388,3310.457,0.121224
255,0.794401,3308.5346,0.120052
256,0.794141,3321.5749,0.119922
257,0.798177,3294.4223,0.117318
258,0.79987,3264.9966,0.111849
259,0.797266,3286.1832,0.113411
260,0.800781,3275.1221,0.110547
261,0.80026,3294.7174,0.112109
262,0.80013,3284.1241,0.110677
263,0.797135,3304.1194,0.111328
264,0.799349,3276.2023,0.108464
265,0.794531,3303.7056,0.113021
266,0.795443,3279.4758,0.1125
267,0.796224,3291.9189,0.113281
268,0.796354,3309.9042,0.115885
269,0.793359,3312.8038,0.119271
270,0.794792,3280.3422,0.115104
271,0.794401,3269.9772,0.115755
272,0.790365,3276.2906,0.118099
273,0.788281,3285.3841,0.120443
274,0.783984,3306.9471,0.123307
275,0.783594,3294.7319,0.122135
276,0.784115,3302.1319,0.121484
277,0.78112,3293.9112,0.122396
278,0.782682,3275.9163,0.121745
279,0.786198,3269.2354,0.118229
280,0.783724,3280.3078,0.120052
281,0.785547,3267.9931,0.116276
282,0.792057,3243.8642,0.1125
283,0.791927,3229.6786,0.109635
284,0.794141,3236.0587,0.108203
285,0.791146,3254.01,0.111328
286,0.788542,3266.1234,0.113021
287,0.783464,3302.0332,0.116536
288,0.783594,3300.3536,0.11875
289,0.777214,3312.7104,0.119271
290,0.778255,3303.7479,0.120312
291,0.778385,3296.4422,0.120833
292,0.779948,3288.4431,0.120052
293,0.781771,3269.6353,0.118359
294,0.782812,3284.6521,0.119271
295,0.782682,3278.6818,0.119141
296,0.783073,3271.5483,0.120182
297,0.783724,3244.1358,0.119141
298,0.779557,3262.4854,0.120443
299,0.779297,3262.7833,0.120052
300,0.776172,3274.6104,0.122786
301,0.777865,3270.1612,0.122917
302,0.779688,3262.6702,0.121094
303,0.775391,3288.0624,0.12474
304,0.774349,3279.3526,0.124349
305,0.774609,3299.6725,0.126042
306,0.772396,3316.2026,0.128776
307,0.773958,3324.2689,0.128906
308,0.773438,3343.2464,0.13125
309,0.772266,3372.9092,0.135938
310,0.771354,3393.2362,0.137891
311,0.767057,3421.8525,0.140755
312,0.765365,3443.3497,0.143099
313,0.76276,3452.9384,0.145052
314,0.765885,3413.5803,0.14375
315,0.767969,3398.3078,0.141536
316,0.76875,3371.9781,0.140365
317,0.771875,3358.8363,0.139323
318,0.770182,3361.0868,0.139323
319,0.775911,3343.7568,0.13737
320,0.775911,3360.1077,0.136979
321,0.772526,3383.3698,0.139323
322,0.767839,3405.4589,0.141406
323,0.766797,3411.4874,0.142318
324,0.765104,3424.8203,0.143359
325,0.768099,3432.912,0.142839
326,0.765234,3450.4046,0.141667
327,0.767708,3466.8651,0.141276
328,0.771745,3448.9905,0.139974
329,0.774349,3433.4835,0.139062
330,0.772526,3450.3982,0.141797
331,0.775911,3441.341,0.140755
332,0.774479,3449.9697,0.14362
333,0.777083,3416.143,0.138021
334,0.778385,3405.2668,0.1375
335,0.780339,3397.0927,0.136198
336,0.784375,3374.5758,0.132031
337,0.784505,3369.687,0.130078
338,0.784245,3350.9027,0.129427
339,0.785286,3326.3866,0.127344
340,0.785286,3300.6706,0.125651
341,0.789583,3286.0402,0.123438
342,0.792188,3269.0072,0.121224
343,0.79388,3282.3792,0.122396
344,0.791146,3294.016,0.121615
345,0.789844,3320.8934,0.123568
346,0.788672,3334.7896,0.125
347,0.790885,3316.5195,0.122266
348,0.795443,3313.7688,0.122656
349,0.795964,3331.0589,0.12487
350,0.794922,3337.5258,0.126823
351,0.795443,3328.5273,0.124349
352,0.796224,3325.0549,0.122786
353,0.801563,3302.3815,0.120182
354,0.801432,3297.9988,0.121615
355,0.800651,3257.4172,0.119531
356,0.801042,3263.5629,0.120703
357,0.797526,3290.2346,0.124479
358,0.797266,3287.7858,0.123698
359,0.794271,3312.2392,0.12487
360,0.798698,3284.3477,0.119922
361,0.791016,3312.8225,0.123177
362,0.791276,3313.4159,0.122396
363,0.792839,3313.566,0.124479
364,0.792188,3340.5418,0.126172
365,0.78776,3345.4462,0.127734
366,0.786979,3350.0845,0.129688
367,0.786068,3353.4747,0.129688
368,0.790104,3344.8848,0.128385
369,0.788672,3348.996,0.129036
370,0.786068,3367.2688,0.130599
371,0.785677,3359.3111,0.13125
372,0.782161,3385.0435,0.135286
373,0.785156,3367.8477,0.132812
374,0.781641,3396.388,0.138411
375,0.779688,3388.8344,0.138411
376,0.778906,3391.3742,0.13776
377,0.775781,3412.0267,0.141146
378,0.777214,3415.4633,0.139453
379,0.775651,3399.2845,0.138672
380,0.773698,3400.0224,0.138932
381,0.773828,3392.034,0.139583
382,0.772917,3394.6129,0.141016
383,0.770312,3401.0181,0.141146
384,0.768229,3408.2939,0.142578
385,0.772396,3420.9703,0.141146
386,0.775521,3420.6401,0.140234
387,0.778255,3380.353,0.136068
388,0.780208,3366.0794,0.133724
389,0.782422,3338.1318,0.13138
390,0.780469,3331.653,0.131901
391,0.783333,3303.6117,0.129036
392,0.785156,3287.9297,0.126693
393,0.782812,3316.7105,0.126172
394,0.780469,3313.1035,0.126953
395,0.783984,3307.2327,0.12513
396,0.783724,3309.9022,0.123568
397,0.779818,3326.466,0.126432
398,0.777474,3336.2789,0.125521
399,0.778255,3343.6224,0.125781
400,0.779167,3340.8719,0.125651
401,0.779427,3333.2697,0.125521
402,0.779688,3321.2997,0.123307
403,0.778125,3317.1711,0.122396
404,0.778776,3319.8858,0.120964
405,0.776823,3311.9842,0.121224
406,0.772917,3306.5874,0.122135
407,0.776172,3285.0965,0.120052
408,0.768229,3315.1638,0.123438
409,0.767188,3309.898,0.123307
410,0.766146,3323.9993,0.125651
411,0.763802,3328.5363,0.126432
412,0.76263,3339.3637,0.127344
413,0.760938,3329.8585,0.126042
414,0.765625,3296.7194,0.120964
415,0.763411,3297.2085,0.122135
416,0.76237,3284.1699,0.121224
417,0.758854,3304.5219,0.12487
418,0.757422,3315.9003,0.12487
419,0.758724,3309.2767,0.123568
420,0.761849,3296.273,0.121615
421,0.759766,3314.941,0.122917
422,0.759245,3307.5092,0.124089
423,0.760156,3295.3569,0.12474
424,0.764583,3274.8404,0.121354
425,0.765755,3250.3543,0.120052
426,0.763151,3252.7147,0.121224
427,0.765104,3248.9122,0.120964
428,0.758594,3282.0296,0.125391
429,0.760286,3267.6993,0.122396
430,0.760156,3267.1996,0.123177
431,0.757682,3279.6924,0.125391
432,0.758073,3274.3109,0.127083
433,0.757292,3279.009,0.128516
434,0.763411,3233.4178,0.125
435,0.769531,3215.2672,0.122786
436,0.772396,3206.1868,0.122526
437,0.772396,3212.6832,0.122135
438,0.773177,3201.7272,0.121615
439,0.774349,3211.8348,0.122135
440,0.78099,3186.3368,0.116797
441,0.784505,3176.9681,0.114062
442,0.789714,3157.9534,0.111458
443,0.795833,3142.5108,0.110547
444,0.795182,3140.0618,0.109896
445,0.793099,3129.8725,0.108203
446,0.79362,3122.4634,0.107812
447,0.791927,3119.5495,0.105078
448,0.790885,3123.9992,0.108203
449,0.78776,3152.975,0.110156
450,0.785547,3169.3678,0.11224
451,0.791146,3145.2794,0.109896
452,0.792708,3139.0807,0.107812
453,0.790495,3131.9905,0.108073
454,0.788021,3154.5926,0.111458
455,0.783203,3187.3197,0.114323
456,0.788411,3161.7996,0.112109
457,0.793099,3134.1355,0.107161
458,0.798698,3108.0297,0.104948
459,0.792448,3134.6497,0.109896
460,0.790365,3151.7656,0.109505
461,0.791536,3135.4628,0.105859
462,0.796354,3121.1581,0.102474
463,0.791536,3134.8109,0.101693
464,0.78737,3158.9194,0.105078
465,0.782682,3174.7292,0.107682
466,0.782812,3192.977,0.107292
467,0.778776,3197.879,0.108073
468,0.78099,3200.4095,0.108464
469,0.78151,3204.143,0.108464
470,0.777214,3220.8243,0.111328
471,0.775651,3219.4729,0.111198
472,0.776172,3221.284,0.111979
473,0.770703,3220.0003,0.111849
474,0.767448,3253.5346,0.115625
475,0.767188,3276.8191,0.116927
476,0.767578,3282.821,0.115755
477,0.769792,3288.415,0.116276
478,0.770703,3277.8016,0.113021
479,0.774349,3242.1633,0.110807
480,0.77513,3242.7931,0.111849
481,0.772396,3268.4255,0.114583
482,0.769661,3300.1632,0.117708
483,0.772396,3315.5293,0.117318
484,0.774219,3294.9293,0.115495
485,0.771354,3311.6135,0.11875
486,0.771224,3304.4259,0.117708
487,0.766667,3319.2251,0.119792
488,0.767188,3322.4902,0.119271
489,0.775391,3279.5633,0.113151
490,0.780469,3248.6699,0.110677
491,0.784505,3241.509,0.111328
492,0.778776,3271.1396,0.114583
493,0.783203,3273.7115,0.116536
494,0.785807,3263.7285,0.113672
495,0.792057,3243.8803,0.111979
496,0.79349,3239.9605,0.11237
497,0.794792,3239.6167,0.113411
498,0.798177,3207.553,0.110547
499,0.797917,3207.2143,0.110938
500,0.798958,3200.0164,0.109766
501,0.797005,3213.9311,0.111719
502,0.792708,3222.0971,0.111458
503,0.79401,3230.9732,0.113411
504,0.795052,3207.5272,0.111849
505,0.798698,3182.6832,0.111589
506,0.795312,3183.7327,0.112109
507,0.798828,3158.1385,0.110156
508,0.796224,3171.7129,0.11263
509,0.79401,3185.4365,0.114323
510,0.792057,3196.4156,0.11276
511,0.791667,3196.9736,0.1125
512,0.796484,3161.351,0.109766
513,0.795703,3138.2147,0.108724
514,0.79362,3142.8671,0.109766
515,0.798307,3127.5655,0.10612
516,0.790495,3189.4658,0.114323
517,0.79375,3169.744,0.113411
518,0.794661,3169.7173,0.114193
519,0.79362,3185.0164,0.115365
520,0.792969,3177.7076,0.115104
521,0.790625,3197.7806,0.115495
522,0.791536,3193.5129,0.115104
523,0.788932,3185.4958,0.115104
524,0.787109,3194.8096,0.116146
525,0.785547,3209.1359,0.116536
526,0.7875,3181.0324,0.113281
527,0.785156,3174.7225,0.11224
528,0.778516,3233.8844,0.115755
529,0.780339,3211.4767,0.113672
530,0.779948,3227.4139,0.116146
531,0.779036,3232.2897,0.117188
532,0.782943,3219.481,0.117708
533,0.784245,3226.9733,0.117969
534,0.781641,3256.3018,0.119661
535,0.78138,3270.4409,0.119401
536,0.782292,3280.1156,0.122266
537,0.779036,3293.5779,0.123958
538,0.777344,3317.2184,0.125391
539,0.778646,3323.0898,0.12474
540,0.77526,3339.563,0.128516
541,0.777734,3322.8833,0.127214
542,0.775651,3334.61,0.127865
543,0.776693,3340.0844,0.128385
544,0.780859,3327.9973,0.126302
545,0.783073,3305.3091,0.12487
546,0.789193,3276.9941,0.120443
547,0.787891,3306.4913,0.122656
548,0.786458,3315.4298,0.122266
549,0.786589,3305.6499,0.121615
550,0.78737,3329.8512,0.123568
551,0.789714,3317.9096,0.122526
552,0.792448,3294.9711,0.119922
553,0.792318,3312.6185,0.120443
554,0.790234,3322.7815,0.121875
555,0.792708,3321.6371,0.120833
556,0.790495,3344.5359,0.123047
557,0.795052,3351.1603,0.124219
558,0.80026,3318.5306,0.122917
559,0.794401,3364.0083,0.128125
560,0.795703,3345.4678,0.125521
561,0.799089,3329.7072,0.123828
562,0.79362,3331.702,0.124219
563,0.791927,3338.8608,0.123568
564,0.790755,3322.3264,0.12487
565,0.786849,3333.9073,0.127865
566,0.788542,3296.9348,0.12526
567,0.791016,3291.3277,0.12526
568,0.79362,3274.3546,0.12526
569,0.79375,3287.2678,0.127344
570,0.801432,3226.1391,0.121615
571,0.796875,3242.2142,0.124219
572,0.797786,3240.0569,0.122266
573,0.798047,3237.5938,0.121094
574,0.791667,3252.8053,0.124479
575,0.788802,3272.6414,0.126432
576,0.788932,3271.1777,0.12513
577,0.78776,3274.9617,0.125781
578,0.788672,3272.2733,0.126562
579,0.785156,3289.9142,0.129688
580,0.782422,3286.4341,0.129036
581,0.782943,3272.4312,0.127995
582,0.777734,3303.853,0.132422
583,0.777214,3298.428,0.133464
584,0.776693,3308.3047,0.135417
585,0.77474,3301.9328,0.136068
586,0.767057,3328.104,0.140885
587,0.763932,3340.4352,0.141016
588,0.758984,3361.3533,0.142057
589,0.759635,3366.6962,0.141146
590,0.75638,3369.6811,0.142318
591,0.756771,3365.8237,0.141536
592,0.76276,3359.0112,0.139714
593,0.761589,3357.3707,0.142188
594,0.764974,3363.3896,0.139974
595,0.767187,3347.0186,0.1375
596,0.7625,3410.0512,0.142057
597,0.76237,3404.8895,0.141406
598,0.760547,3401.0081,0.140495
599,0.757682,3402.0583,0.138281
600,0.757031,3446.2888,0.140625
601,0.762109,3420.0859,0.13763
602,0.75651,3436.235,0.141536
603,0.758073,3423.0509,0.139844
604,0.760547,3420.593,0.13776
605,0.757422,3434.6178,0.140885
606,0.753125,3452.8004,0.145833
607,0.754297,3436.5258,0.145052
608,0.752214,3438.6,0.145052
609,0.755599,3432.4151,0.14349
610,0.754688,3448.123,0.146224
611,0.748177,3473.7949,0.148698
612,0.748177,3466.9516,0.148177
613,0.75,3449.3141,0.147266
614,0.754688,3388.0603,0.141536
615,0.752995,3397.3594,0.140625
616,0.757682,3385.6267,0.138411
617,0.760677,3360.2534,0.135286
618,0.764844,3326.6038,0.133203
619,0.772266,3271.2846,0.128385
620,0.77526,3257.9312,0.128255
621,0.775781,3257.4378,0.129557
622,0.776302,3245.8409,0.128776
623,0.777865,3248.6298,0.127214
624,0.780078,3236.9047,0.126693
625,0.778906,3231.3393,0.127604
626,0.782812,3204.627,0.125
627,0.783464,3209.907,0.125521
628,0.78724,3195.5105,0.12487
629,0.78724,3214.9393,0.128516
630,0.783854,3213.9036,0.129948
631,0.78125,3221.8514,0.129557
632,0.786849,3201.6716,0.125391
633,0.783724,3223.7842,0.127995
634,0.785026,3235.4176,0.128906
635,0.791536,3211.4426,0.125
636,0.792318,3200.2786,0.121094
637,0.794531,3206.671,0.119401
638,0.795573,3190.9939,0.11862
639,0.796224,3172.038,0.117057
640,0.798828,3154.9871,0.114844
641,0.800391,3154.143,0.115885
642,0.799609,3160.3725,0.115234
643,0.802083,3167.4073,0.113151
644,0.797917,3211.182,0.116406
645,0.798698,3212.3408,0.117839
646,0.801562,3171.9001,0.113542
647,0.799609,3184.9109,0.113802
648,0.798958,3178.4312,0.114974
649,0.795573,3193.6048,0.116797
650,0.792318,3215.4491,0.116667
651,0.790885,3213.0167,0.114974
652,0.792318,3223.953,0.114323
653,0.791016,3241.2478,0.113802
654,0.793359,3233.771,0.111589
655,0.794141,3239.557,0.111068
656,0.79349,3225.9542,0.110286
657,0.790755,3245.2022,0.113021
658,0.789453,3241.2401,0.113281
659,0.789844,3226.8104,0.111068
660,0.789974,3228.0525,0.111198
661,0.789062,3246.7275,0.113281
662,0.78763,3264.6385,0.116667
663,0.789714,3243.513,0.116016
664,0.786589,3234.769,0.116146
665,0.784766,3231.3255,0.115495
666,0.787891,3210.1324,0.114974
667,0.786328,3192.1585,0.116146
668,0.785938,3205.8328,0.115885
669,0.784245,3211.6395,0.116536
670,0.777604,3228.2178,0.118359
671,0.780599,3210.9018,0.116146
672,0.778516,3209.3065,0.116406
673,0.778255,3212.6785,0.117839
674,0.778646,3219.8535,0.117969
675,0.78151,3209.4333,0.115885
676,0.784505,3217.8312,0.116406
677,0.783464,3226.7,0.118359
678,0.779557,3264.1081,0.121354
679,0.776562,3264.2186,0.122005
680,0.783203,3218.8371,0.11901
681,0.782812,3228.2161,0.120182
682,0.778125,3233.0716,0.123177
683,0.777474,3204.9548,0.124349
684,0.777083,3186.8854,0.123698
685,0.77487,3201.2848,0.125
686,0.775651,3204.2579,0.124609
687,0.778776,3180.79,0.120182
688,0.776562,3192.8848,0.119531
689,0.780208,3165.7292,0.119661
690,0.781771,3155.6578,0.119531
691,0.78125,3135.6219,0.117578
692,0.784245,3121.5904,0.115495
693,0.782682,3146.165,0.117318
694,0.786719,3134.8275,0.116406
695,0.780599,3179.5008,0.123307
696,0.777474,3192.59,0.124219
697,0.776953,3194.212,0.124349
698,0.773047,3191.4118,0.124479
699,0.770443,3244.7216,0.128125
700,0.778385,3220.3441,0.125911
701,0.778125,3221.5986,0.127474
702,0.785938,3187.9927,0.12513
703,0.785807,3170.2141,0.124089
704,0.788411,3153.6151,0.122917
705,0.784766,3156.7009,0.125521
706,0.784245,3156.1184,0.126172
707,0.783464,3144.5794,0.127214
708,0.786849,3122.2204,0.123438
709,0.788932,3122.5465,0.122526
710,0.784766,3175.4013,0.125651
711,0.786458,3163.0667,0.124349
712,0.786979,3178.6255,0.12487
713,0.788281,3185.1307,0.123958
714,0.787109,3196.5693,0.125651
715,0.786979,3183.362,0.12487
716,0.78724,3188.6297,0.125
717,0.783073,3212.1414,0.129557
718,0.784766,3201.976,0.129688
719,0.781901,3222.8315,0.130469
720,0.778255,3215.7862,0.128125
721,0.780208,3226.5469,0.129557
722,0.778385,3203.3461,0.127344
723,0.773698,3217.5914,0.127604
724,0.773177,3210.5289,0.126432
725,0.777995,3176.9918,0.120443
726,0.779948,3170.0014,0.119531
727,0.782292,3160.5656,0.116667
728,0.785156,3169.5947,0.117969
729,0.784375,3136.2908,0.115755
730,0.783984,3129.9556,0.114193
731,0.78151,3153.5479,0.115234
732,0.774219,3201.7331,0.119271
733,0.773437,3208.0708,0.119401
734,0.773177,3187.8424,0.117448
735,0.773177,3208.9483,0.116927
736,0.772396,3227.6557,0.11849
737,0.770573,3254.5702,0.121615
738,0.76875,3267.2456,0.123568
739,0.770182,3274.0626,0.123698
740,0.767708,3273.4453,0.12526
741,0.766536,3281.6189,0.126042
742,0.764323,3297.9104,0.129036
743,0.761328,3318.6905,0.129036
744,0.761849,3315.7288,0.129036
745,0.763411,3313.2882,0.128776
746,0.75638,3338.3854,0.131901
747,0.758724,3309.8079,0.128906
748,0.757682,3318.2646,0.130078
749,0.75651,3322.3049,0.130469
750,0.758724,3353.0737,0.134115
751,0.755859,3337.8299,0.132552
752,0.754557,3361.679,0.134115
753,0.760807,3334.3273,0.130859
754,0.75599,3377.2271,0.133594
755,0.753385,3365.9026,0.133594
756,0.755859,3341.6201,0.132292
757,0.750521,3382.9439,0.136719
758,0.746484,3397.604,0.138542
759,0.750781,3387.5253,0.136589
760,0.750911,3385.0661,0.136979
761,0.752604,3368.5579,0.135156
762,0.753776,3363.9855,0.135026
763,0.752734,3374.6793,0.136198
764,0.747135,3422.2456,0.141927
765,0.746745,3395.0997,0.141797
766,0.746484,3393.1159,0.140495
767,0.742188,3393.6333,0.138932
768,0.747786,3360.5954,0.134896
769,0.745182,3344.6353,0.133203
770,0.745833,3331.9465,0.131901
771,0.746094,3337.8435,0.134766
772,0.745833,3303.2147,0.129818
773,0.752083,3264.4767,0.127344
774,0.746354,3287.6331,0.129687
775,0.745312,3303.8186,0.13151
776,0.755599,3258.2826,0.126823
777,0.753125,3281.9819,0.129036
778,0.754557,3288.9408,0.129427
779,0.75612,3266.0296,0.125521
780,0.755729,3238.7168,0.123698
781,0.755469,3254.1064,0.125521
782,0.75651,3256.9466,0.127604
783,0.751562,3260.8915,0.132292
784,0.755859,3222.8792,0.130859
785,0.760156,3233.6223,0.13125
786,0.758073,3250.0866,0.13138
787,0.763802,3202.3191,0.127865
788,0.763802,3203.9419,0.129818
789,0.760677,3198.0168,0.13125
790,0.758854,3208.5799,0.133073
791,0.754036,3221.4526,0.135026
792,0.757031,3182.3493,0.130208
793,0.754557,3212.8893,0.131771
794,0.756641,3202.3999,0.130599
795,0.757943,3213.9337,0.130078
796,0.753255,3219.2152,0.132943
797,0.761068,3197.4228,0.130469
798,0.753125,3226.4996,0.135417
799,0.753776,3232.1742,0.13737
800,0.756901,3218.2393,0.13724
801,0.756641,3213.5503,0.135807
802,0.757812,3217.8091,0.136328
803,0.756771,3229.7247,0.137109
804,0.760156,3216.9518,0.134635
805,0.761198,3224.0109,0.135417
806,0.757812,3235.9445,0.138151
807,0.754427,3230.8146,0.138021
808,0.754818,3217.6108,0.135938
809,0.74974,3247.4496,0.141927
810,0.747526,3240.4794,0.139974
811,0.755469,3214.8117,0.135938
812,0.752344,3207.7284,0.135417
813,0.753516,3195.2815,0.131901
814,0.747656,3219.2255,0.134896
815,0.742448,3225.4167,0.135286
816,0.741146,3227.0513,0.136979
817,0.735156,3259.7525,0.141276
818,0.738411,3239.7751,0.138281
819,0.735026,3272.3168,0.140885
820,0.733724,3287.9561,0.141406
821,0.736458,3265.979,0.138672
822,0.73763,3258.7826,0.139453
823,0.736068,3221.5602,0.138281
824,0.736719,3211.7897,0.13724
825,0.735026,3207.2914,0.138411
826,0.733073,3218.7878,0.138802
827,0.728516,3230.0104,0.140625
828,0.732292,3209.0451,0.138021
829,0.729557,3235.494,0.141016
830,0.724219,3269.694,0.144922
831,0.722656,3271.5371,0.145703
832,0.723047,3264.3004,0.14401
833,0.718359,3280.701,0.148047
834,0.716016,3295.0383,0.152344
835,0.712891,3277.2275,0.150521
836,0.714583,3269.0214,0.148698
837,0.717578,3273.123,0.148958
838,0.714844,3283.5893,0.151042
839,0.715885,3281.5215,0.14974
840,0.713542,3317.0555,0.154818
841,0.701953,3366.2184,0.161198
842,0.702995,3359.4583,0.160156
843,0.70013,3369.0988,0.16237
844,0.702734,3355.943,0.159115
845,0.705599,3358.7862,0.160156
846,0.704167,3364.0715,0.161068
847,0.702474,3362.1875,0.158854
848,0.7,3349.0253,0.158464
849,0.702995,3337.9307,0.156641
850,0.69974,3344.1036,0.157031
851,0.697396,3358.6943,0.157682
852,0.692188,3393.3891,0.161328
853,0.696094,3389.0154,0.160807
854,0.694271,3391.7576,0.161589
855,0.688151,3424.8421,0.166276
856,0.688411,3430.8629,0.170182
857,0.690755,3418.7188,0.172005
858,0.690625,3436.2023,0.173828
859,0.690495,3439.0518,0.17487
860,0.684635,3450.8533,0.177995
861,0.685156,3440.7004,0.175
862,0.684766,3448.1395,0.178906
863,0.690755,3428.8319,0.176172
864,0.690104,3433.1529,0.176432
865,0.690625,3445.9626,0.177995
866,0.683984,3479.5021,0.18138
867,0.685156,3460.7172,0.179557
868,0.683984,3450.1059,0.178516
869,0.679948,3485.0574,0.183464
870,0.680078,3476.8305,0.180859
871,0.679818,3473.4452,0.182943
872,0.678906,3487.6085,0.184505
873,0.682292,3511.0552,0.184896
874,0.685938,3501.8457,0.183984
875,0.684635,3491.1292,0.185547
876,0.685547,3500.3771,0.187109
877,0.68776,3492.4383,0.188672
878,0.686849,3506.3297,0.190625
879,0.685938,3481.2456,0.189453
880,0.68776,3462.0466,0.189062
881,0.686328,3466.9604,0.191276
882,0.6875,3465.9651,0.192839
883,0.678255,3516.4997,0.197786
884,0.677474,3533.1188,0.198568
885,0.681901,3517.7569,0.196354
886,0.686328,3485.5251,0.190885
887,0.686198,3481.5647,0.190495
888,0.686198,3489.6556,0.190885
889,0.685547,3477.4868,0.188672
890,0.690885,3459.3327,0.185547
891,0.689974,3467.6296,0.188021
892,0.686458,3488.2312,0.190885
893,0.678906,3510.4527,0.196745
894,0.67487,3517.7497,0.198958
895,0.673438,3528.7431,0.20026
896,0.673568,3501.7336,0.19987
897,0.669792,3517.0956,0.201172
898,0.666016,3543.5788,0.205208
899,0.670833,3511.1762,0.201562
900,0.673568,3510.1777,0.205599
901,0.672786,3530.2773,0.205339
902,0.671094,3548.3236,0.208333
903,0.665234,3587.4376,0.215365
904,0.658724,3628.8099,0.221875
905,0.653516,3669.5223,0.226693
906,0.646354,3683.4379,0.227865
907,0.642448,3712.948,0.230208
908,0.647526,3705.897,0.227865
909,0.64375,3742.6224,0.232422
910,0.64401,3736.4466,0.233464
911,0.642969,3759.8549,0.237109
912,0.641927,3761.4251,0.235417
913,0.640885,3781.4587,0.239323
914,0.637891,3809.7749,0.24401
915,0.63776,3798.8809,0.242057
916,0.633203,3838.8333,0.245443
917,0.621354,3898.078,0.252604
918,0.610937,3941.6672,0.258854
919,0.609635,3940.0508,0.259896
920,0.60638,3965.3866,0.258724
921,0.602865,3999.4124,0.261328
922,0.603516,3982.8865,0.258464
923,0.604167,3993.7393,0.256771
924,0.605339,3993.1194,0.251563
925,0.601953,3998.3928,0.251302
926,0.603516,4018.2809,0.24974
927,0.602865,4024.1685,0.248828
928,0.598438,4061.3137,0.249219
929,0.595182,4066.5167,0.247656
930,0.595964,4072.3664,0.245573
931,0.595703,4059.769,0.242578
932,0.594792,4064.201,0.241276
933,0.59974,4015.2714,0.233854
934,0.595833,4006.8432,0.228646
935,0.600911,3969.8316,0.220833
936,0.600911,3983.6618,0.220443
937,0.601562,3985.4422,0.216927
938,0.592448,4023.5669,0.21901
939,0.591276,4025.7154,0.216406
940,0.585938,4043.6368,0.215885
941,0.586328,4035.6129,0.210677
942,0.582422,4056.5908,0.207682
943,0.590625,3977.1139,0.194661
944,0.589453,3963.8465,0.188542
945,0.585807,3983.1578,0.18724
946,0.583073,3981.2632,0.184896
947,0.588542,3955.3947,0.17474
948,0.596615,3897.9508,0.164844
949,0.60013,3881.9391,0.159375
950,0.600781,3847.8878,0.154036
951,0.600651,3839.381,0.148307
952,0.595052,3876.0592,0.145964
953,0.589714,3889.0542,0.141667
954,0.588542,3882.9132,0.140234
955,0.590104,3875.0219,0.135286
956,0.585547,3885.0294,0.132943
957,0.580078,3907.9686,0.132161
958,0.584505,3870.9572,0.126432
959,0.578776,3890.8063,0.123307
960,0.573047,3919.3092,0.120833
961,0.569141,3911.7424,0.115755
962,0.565625,3918.6582,0.111198
963,0.560677,3926.9564,0.107292
964,0.563932,3916.8491,0.104427
965,0.559635,3913.9013,0.101953
966,0.56263,3897.2993,0.096224
967,0.558464,3915.6775,0.09375
968,0.559245,3883.866,0.088281
969,0.557812,3872.7781,0.083854
970,0.558724,3885.4145,0.079557
971,0.557812,3867.0061,0.076042
972,0.559766,3850.1749,0.073828
973,0.554688,3872.2755,0.074089
974,0.553776,3864.0891,0.070833
975,0.551302,3871.5,0.068359
976,0.551302,3874.8924,0.064062
977,0.554036,3857.9714,0.061198
978,0.551953,3852.2734,0.059245
979,0.547396,3854.7673,0.058203
980,0.546094,3853.2168,0.057031
981,0.541927,3845.1531,0.05638
982,0.545703,3814.4098,0.052865
983,0.548437,3786.9724,0.049349
984,0.548307,3785.2363,0.048307
985,0.547266,3784.8365,0.046875
986,0.549349,3748.7673,0.044922
987,0.548828,3733.8669,0.043229
988,0.547526,3746.3466,0.043359
989,0.547786,3737.5322,0.041797
990,0.55026,3687.9642,0.03776
991,0.554557,3684.3236,0.03724
992,0.55638,3678.1771,0.035677
993,0.553906,3673.2639,0.034245
994,0.554818,3659.0161,0.033594
995,0.557031,3666.9121,0.031901
996,0.557682,3650.1849,0.030208
997,0.560417,3602.606,0.028516
998,0.561198,3595.5207,0.027734
999,0.559766,3595.3934,0.027734
1000,0.563151,3555.5816,0.026302
1001,0.561849,3541.9552,0.025781
1002,0.560677,3521.8669,0.02474
1003,0.56237,3505.0378,0.024219
1004,0.56276,3472.2814,0.022786
1005,0.567839,3439.1923,0.021484
1006,0.566797,3418.0227,0.020833
1007,0.565365,3391.9979,0.020964
1008,0.559896,3410.8259,0.020703
1009,0.560938,3402.3335,0.020573
1010,0.56224,3392.2018,0.020703
1011,0.563672,3366.6622,0.019661
1012,0.561328,3351.729,0.020182
1013,0.560417,3338.8449,0.020182
1014,0.559505,3329.0049,0.019531
1015,0.559245,3303.2505,0.01862
1016,0.555078,3311.984,0.018359
1017,0.559505,3283.6809,0.015885
1018,0.560156,3230.813,0.01276
1019,0.567448,3189.7453,0.012109
1020,0.566536,3175.2004,0.012109
1021,0.564714,3151.6573,0.01276
1022,0.563802,3126.6469,0.01276
1023,0.556641,3129.7292,0.013932
1024,0.552214,3128.1477,0.013021
1025,0.551172,3112.5228,0.012891
1026,0.552604,3094.524,0.013021
1027,0.549479,3096.6206,0.0125
1028,0.547526,3093.9674,0.01237
1029,0.547396,3094.2383,0.011589
1030,0.54388,3101.727,0.012109
1031,0.546484,3090.2613,0.01224
1032,0.542708,3096.1605,0.0125
1033,0.540365,3079.3672,0.0125
1034,0.539714,3083.899,0.012109
1035,0.540365,3053.732,0.012109
1036,0.540365,3029.2547,0.012109
1037,0.53763,3040.679,0.010938
1038,0.540365,3007.5464,0.010938
1039,0.538151,3001.9211,0.010807
1040,0.538932,2983.2583,0.010807
1041,0.541146,2977.6538,0.010938
1042,0.541146,2971.0085,0.010417
1043,0.53737,2972.0478,0.010156
1044,0.541276,2956.997,0.009375
1045,0.541927,2956.3871,0.009505
1046,0.546745,2939.7973,0.009505
1047,0.55,2927.6987,0.009375
1048,0.547396,2944.7004,0.009505
1049,0.54388,2941.423,0.009375
1050,0.545703,2937.6355,0.009896
1051,0.546484,2934.1081,0.009115
1052,0.548437,2919.9503,0.009375
1053,0.559375,2881.2099,0.008333
1054,0.564062,2861.1521,0.009896
1055,0.560547,2845.7703,0.010156
1056,0.558203,2839.2633,0.010026
1057,0.5625,2814.456,0.010677
1058,0.56224,2812.0635,0.010938
1059,0.566276,2777.1391,0.011198
1060,0.56875,2756.4897,0.010417
1061,0.565365,2759.3371,0.010286
1062,0.566797,2753.5312,0.010417
1063,0.565495,2764.4346,0.010938
1064,0.567969,2746.5043,0.011458
1065,0.567448,2745.7056,0.011458
1066,0.56849,2729.4082,0.010938
1067,0.573307,2705.8936,0.011328
1068,0.57474,2704.3465,0.011719
1069,0.574609,2709.2564,0.011719
1070,0.566667,2732.2824,0.012109
1071,0.564583,2725.5507,0.013411
1072,0.568099,2706.7837,0.014323
1073,0.575,2673.4141,0.014844
1074,0.56888,2670.7704,0.015365
1075,0.568359,2653.0311,0.015495
1076,0.570964,2635.9232,0.015755
1077,0.565625,2636.3822,0.016146
1078,0.571094,2615.0676,0.016797
1079,0.573177,2596.6078,0.016797
1080,0.569922,2588.5329,0.016016
1081,0.570312,2575.3979,0.017318
1082,0.565625,2576.943,0.017578
1083,0.561719,2591.4993,0.018229
1084,0.557422,2593.7181,0.016927
1085,0.557031,2587.754,0.016797
1086,0.557292,2584.9806,0.017188
1087,0.55638,2576.6685,0.017188
1088,0.561849,2539.1896,0.016667
1089,0.563802,2518.0823,0.016797
1090,0.561068,2512.6336,0.017318
1091,0.563281,2500.1783,0.018099
1092,0.567708,2469.3497,0.018359
1093,0.566797,2457.2758,0.01862
1094,0.564453,2452.043,0.018359
1095,0.560026,2459.2658,0.019271
1096,0.561979,2454.1721,0.01901
1097,0.560547,2443.5755,0.01901
1098,0.554557,2445.7674,0.019792
1099,0.556771,2423.3447,0.020443
1100,0.563672,2391.2268,0.019922
1101,0.560417,2392.9897,0.019531
1102,0.557943,2397.1436,0.019792
1103,0.560547,2383.8316,0.019271
1104,0.558724,2381.4615,0.020312
1105,0.560807,2370.9499,0.020443
1106,0.558333,2372.0061,0.020312
1107,0.558984,2362.1289,0.020443
1108,0.55625,2357.0397,0.020443
1109,0.552344,2364.5556,0.020573
1110,0.555078,2360.5424,0.020964
1111,0.556901,2339.5759,0.019661
1112,0.563021,2305.921,0.01862
1113,0.567708,2282.2837,0.01875
1114,0.569922,2268.3878,0.01888
1115,0.575,2261.59,0.019531
1116,0.577734,2255.5616,0.020312
1117,0.573437,2258.5685,0.019661
1118,0.571484,2258.0392,0.019531
1119,0.56862,2265.9592,0.019531
1120,0.572266,2256.3503,0.019661
1121,0.572135,2249.6844,0.020182
1122,0.569661,2248.5757,0.019661
1123,0.573958,2229.5499,0.01888
1124,0.579036,2208.9615,0.01862
1125,0.578906,2210.0918,0.019141
1126,0.577214,2213.6828,0.020052
1127,0.580599,2203.528,0.019531
1128,0.586198,2192.7921,0.01901
1129,0.580469,2199.4286,0.019401
1130,0.578776,2197.327,0.01901
1131,0.585286,2166.4964,0.017969
1132,0.585807,2153.3979,0.018099
1133,0.582812,2159.2285,0.018229
1134,0.595052,2122.4988,0.016536
1135,0.592969,2115.6766,0.016536
1136,0.591146,2115.4547,0.016667
1137,0.595964,2095.3486,0.016276
1138,0.597396,2081.5753,0.016146
1139,0.602734,2057.6357,0.016016
1140,0.606901,2038.3477,0.015625
1141,0.604948,2043.7014,0.016016
1142,0.605859,2041.898,0.016667
1143,0.604948,2023.446,0.015885
1144,0.604427,2017.0493,0.015885
1145,0.599089,2009.1021,0.015755
1146,0.595443,1995.3771,0.014844
1147,0.598047,1983.8555,0.015234
1148,0.598958,1974.7346,0.015234
1149,0.601302,1954.2276,0.014844
1150,0.597656,1953.5258,0.015234
1151,0.591536,1949.2383,0.014193
1152,0.590234,1935.6971,0.013932
1153,0.584635,1933.6272,0.013802
1154,0.579557,1932.7677,0.013932
1155,0.576562,1912.4202,0.01276
1156,0.579297,1889.5904,0.012109
1157,0.575,1886.0995,0.011979
1158,0.571615,1874.0361,0.011458
1159,0.580339,1850.719,0.010286
1160,0.577734,1842.7219,0.011068
1161,0.572526,1853.3065,0.011068
1162,0.574479,1846.2853,0.009766
1163,0.569401,1845.9378,0.009635
1164,0.561328,1850.4089,0.009766
1165,0.564714,1833.5717,0.009245
1166,0.561589,1830.9043,0.010026
1167,0.562891,1824.356,0.009896
1168,0.560026,1817.8783,0.009115
1169,0.553385,1816.2284,0.008854
1170,0.545182,1822.1719,0.008984
1171,0.550781,1797.8639,0.008333
1172,0.545703,1800.0012,0.007943
1173,0.547135,1796.4536,0.008203
1174,0.546875,1787.2534,0.007812
1175,0.54974,1781.5047,0.007422
1176,0.55013,1771.2779,0.007161
1177,0.550391,1764.4104,0.007161
1178,0.545964,1758.7551,0.007292
1179,0.545703,1760.5612,0.007552
1180,0.552734,1746.4891,0.00651
1181,0.561328,1727.4852,0.00625
1182,0.567188,1714.7359,0.00612
1183,0.572005,1700.8842,0.00612
1184,0.573307,1694.0626,0.00625
1185,0.575781,1688.0017,0.00612
1186,0.574609,1688.3956,0.00599
1187,0.577995,1674.7124,0.00599
1188,0.578906,1660.5389,0.005859
1189,0.570443,1656.5353,0.00599
1190,0.57474,1642.3789,0.005078
1191,0.583073,1620.7525,0.005078
1192,0.581901,1613.085,0.005078
1193,0.584766,1591.1328,0.005078
1194,0.5875,1580.1941,0.004948
1195,0.58763,1580.1102,0.005208
1196,0.591276,1557.7982,0.004167
1197,0.585677,1550.037,0.004167
1198,0.58125,1548.4201,0.004167
1199,0.583203,1538.0139,0.003906
1200,0.58724,1523.2736,0.004036
1201,0.583073,1525.4818,0.004167
1202,0.586458,1512.1786,0.004297
1203,0.584375,1509.4798,0.004036
1204,0.584505,1500.4827,0.004167
1205,0.588151,1487.5117,0.004167
1206,0.58724,1478.8117,0.004036
1207,0.585417,1471.0478,0.004036
1208,0.593229,1467.5747,0.004036
1209,0.594661,1462.4285,0.004036
1210,0.58776,1456.5249,0.004036
1211,0.583594,1459.6926,0.004688
1212,0.581641,1459.4697,0.004948
1213,0.587109,1458.9492,0.005078
1214,0.588411,1453.0329,0.004818
1215,0.592318,1445.9283,0.004818
1216,0.594141,1437.1939,0.004818
1217,0.590234,1444.5603,0.005339
1218,0.594922,1443.3486,0.00599
1219,0.597656,1442.2143,0.00599
1220,0.601432,1438.2901,0.00638
1221,0.596745,1438.5604,0.00651
1222,0.59362,1436.1921,0.006641
1223,0.596354,1437.7521,0.006641
1224,0.595833,1435.5603,0.006901
1225,0.592057,1432.5251,0.006901
1226,0.591927,1429.9776,0.006901
1227,0.594401,1429.4181,0.007031
1228,0.596094,1429.4673,0.007552
1229,0.596224,1427.2418,0.007682
1230,0.595052,1425.3621,0.007682
1231,0.59349,1425.3177,0.007682
1232,0.592057,1425.0822,0.007422
1233,0.591016,1418.7771,0.007422
1234,0.59388,1420.7089,0.007943
1235,0.590495,1420.7043,0.007943
1236,0.588021,1422.8678,0.008073
1237,0.591927,1415.3482,0.007812
1238,0.583594,1411.7694,0.007682
1239,0.577604,1410.8305,0.007943
1240,0.584635,1404.8889,0.007943
1241,0.582552,1400.5628,0.007552
1242,0.580078,1397.6796,0.007552
1243,0.573568,1400.0578,0.008073
1244,0.569661,1397.0741,0.008073
1245,0.566016,1392.038,0.008203
1246,0.557812,1393.3039,0.008464
1247,0.560417,1382.9923,0.008333
1248,0.55638,1381.6785,0.007943
1249,0.55651,1372.9229,0.007943
1250,0.553906,1367.5363,0.007682
1251,0.555078,1364.1691,0.007812
1252,0.555208,1357.8264,0.007682
1253,0.55612,1353.3551,0.007682
1254,0.552214,1349.3551,0.007552
1255,0.554167,1345.3418,0.007292
1256,0.555599,1342.9203,0.007552
1257,0.557292,1336.391,0.007682
1258,0.556641,1322.2776,0.007552
1259,0.559896,1315.8158,0.007943
1260,0.559115,1314.099,0.007943
1261,0.557161,1310.7137,0.008073
1262,0.558724,1308.5173,0.008333
1263,0.556771,1306.1405,0.008594
1264,0.550911,1301.7484,0.008333
1265,0.547656,1296.9605,0.008333
1266,0.553125,1295.3663,0.008854
1267,0.548568,1294.4358,0.008984
1268,0.553906,1292.3371,0.009505
1269,0.556641,1281.4021,0.008984
1270,0.55013,1284.8917,0.009115
1271,0.555729,1275.8773,0.008984
1272,0.554297,1277.4757,0.009375
1273,0.554167,1269.8543,0.009115
1274,0.554297,1267.6546,0.009245
1275,0.557812,1264.494,0.009245
1276,0.557943,1267.0022,0.009375
